route,lead_time_bucket,cheapest_search_day,flight_count,median_price,avg_price
ATL-BOS,0-3,Monday,857.0,318.6,350.6598599766628
ATL-BOS,4-7,Thursday,1002.0,318.6,344.84132734530937
ATL-BOS,8-14,Monday,1524.0,318.6,332.150406824147
ATL-BOS,15-30,Monday,1896.0,298.6,302.5548523206751
ATL-BOS,31-60,Friday,4810.0,292.2,310.32187110187107
ATL-BOS,61+,,,,
ATL-CLT,0-3,Friday,418.0,408.6,444.1588755980861
ATL-CLT,4-7,Wednesday,690.0,374.2,400.13269565217394
ATL-CLT,8-14,Friday,1010.0,358.6,370.3366039603961
ATL-CLT,15-30,Monday,844.0,248.6,265.88418246445497
ATL-CLT,31-60,Tuesday,973.0,213.6,247.49120246659814
ATL-CLT,61+,,,,
ATL-DEN,0-3,Monday,475.0,311.58,373.8346315789474
ATL-DEN,4-7,Sunday,530.0,393.815,409.8564528301887
ATL-DEN,8-14,Saturday,1024.0,428.6,432.272412109375
ATL-DEN,15-30,Monday,1317.0,453.1,456.40558086560367
ATL-DEN,31-60,Tuesday,1420.0,398.6,404.210661971831
ATL-DEN,61+,,,,
ATL-DFW,0-3,Monday,495.0,202.6,241.8479797979798
ATL-DFW,4-7,Friday,564.0,241.6,267.3952836879433
ATL-DFW,8-14,Friday,882.0,268.6,298.0231859410431
ATL-DFW,15-30,Tuesday,840.0,268.6,287.12716666666665
ATL-DFW,31-60,Tuesday,1365.0,248.6,272.44851282051286
ATL-DFW,61+,,,,
ATL-DTW,0-3,Monday,618.0,362.2,383.68936893203886
ATL-DTW,4-7,Thursday,794.0,392.21,370.08204030226705
ATL-DTW,8-14,Saturday,1354.0,360.2,347.1821418020679
ATL-DTW,15-30,Monday,1246.0,258.6,264.8376484751204
ATL-DTW,31-60,Tuesday,1489.0,224.1,249.45731363331095
ATL-DTW,61+,,,,
ATL-EWR,0-3,Sunday,473.0,208.58,233.062600422833
ATL-EWR,4-7,Thursday,650.0,191.58,216.8108307692308
ATL-EWR,8-14,Monday,1011.0,191.58,214.88001978239367
ATL-EWR,15-30,Monday,1280.0,223.6,235.5829609375
ATL-EWR,31-60,Sunday,2814.0,226.1,243.8771535181237
ATL-EWR,61+,,,,
ATL-IAD,0-3,Monday,281.0,210.1,296.04042704626335
ATL-IAD,4-7,Monday,271.0,210.1,287.6892988929889
ATL-IAD,8-14,Saturday,543.0,221.6,303.8842541436464
ATL-IAD,15-30,Friday,1043.0,228.6,252.99599232981785
ATL-IAD,31-60,Friday,1663.0,228.6,248.81339747444378
ATL-IAD,61+,,,,
ATL-JFK,0-3,Wednesday,391.0,296.1,359.4213299232736
ATL-JFK,4-7,Tuesday,459.0,284.35,330.5939433551198
ATL-JFK,8-14,Saturday,944.0,297.1,340.9686970338983
ATL-JFK,15-30,Monday,1290.0,284.35,322.4703565891473
ATL-JFK,31-60,Tuesday,1439.0,264.36,312.3902293259208
ATL-JFK,61+,,,,
ATL-LAX,0-3,Sunday,1012.0,438.09000000000003,466.010128458498
ATL-LAX,4-7,Friday,1436.0,463.9,468.4087674094707
ATL-LAX,8-14,Monday,2222.0,467.6,459.0759810981098
ATL-LAX,15-30,Monday,2686.0,467.6,456.30931868950114
ATL-LAX,31-60,Tuesday,3231.0,439.58,439.63384710615907
ATL-LAX,61+,,,,
ATL-LGA,0-3,Saturday,644.0,226.85,242.17937888198756
ATL-LGA,4-7,Thursday,1020.0,211.1,226.21050980392158
ATL-LGA,8-14,Saturday,1522.0,198.6,220.65292378449408
ATL-LGA,15-30,Monday,1916.0,198.6,213.78232254697286
ATL-LGA,31-60,Saturday,4499.0,205.11,218.71550122249388
ATL-LGA,61+,,,,
ATL-MIA,0-3,Monday,402.0,298.6,319.7657462686567
ATL-MIA,4-7,Tuesday,471.0,248.6,286.47218683651806
ATL-MIA,8-14,Saturday,961.0,252.1,278.96721123829343
ATL-MIA,15-30,Saturday,1810.0,264.59,286.73556906077346
ATL-MIA,31-60,Friday,3286.0,238.6,282.53157334144856
ATL-MIA,61+,,,,
ATL-OAK,0-3,Monday,366.0,559.1,586.8677868852459
ATL-OAK,4-7,Friday,507.0,535.7,574.146291913215
ATL-OAK,8-14,Thursday,872.0,616.405,591.0135435779816
ATL-OAK,15-30,Tuesday,938.0,637.6,613.0414498933902
ATL-OAK,31-60,Friday,3431.0,622.19,613.7112183037016
ATL-OAK,61+,,,,
ATL-ORD,0-3,Monday,675.0,211.6,289.1087851851852
ATL-ORD,4-7,Wednesday,694.0,260.11,309.1386023054755
ATL-ORD,8-14,Friday,1035.0,271.58,318.43888888888887
ATL-ORD,15-30,Monday,1104.0,272.6,287.03619565217394
ATL-ORD,31-60,Tuesday,1448.0,268.59,277.8673964088398
ATL-ORD,61+,,,,
ATL-PHL,0-3,Monday,480.0,210.1,252.99437500000002
ATL-PHL,4-7,Thursday,580.0,202.6,252.395724137931
ATL-PHL,8-14,Saturday,936.0,236.09,259.7074465811966
ATL-PHL,15-30,Tuesday,829.0,241.6,261.7187334137515
ATL-PHL,31-60,Tuesday,1452.0,233.8,267.57546831955926
ATL-PHL,61+,,,,
ATL-SFO,0-3,Sunday,732.0,528.6,524.2453961748633
ATL-SFO,4-7,Friday,964.0,525.71,536.4138070539419
ATL-SFO,8-14,Saturday,1256.0,533.9000000000001,564.9473009554141
ATL-SFO,15-30,Tuesday,885.0,541.6,557.6529717514125
ATL-SFO,31-60,Tuesday,1719.0,548.6,564.8307795229784
ATL-SFO,61+,,,,
BOS-ATL,0-3,Monday,1003.0,325.2,351.35291126620143
BOS-ATL,4-7,Friday,1145.0,318.6,324.15147598253276
BOS-ATL,8-14,Friday,1713.0,318.6,321.1295738470519
BOS-ATL,15-30,Thursday,3614.0,280.1,292.6772883231876
BOS-ATL,31-60,Friday,5341.0,288.61,301.41165324845537
BOS-ATL,61+,,,,
BOS-CLT,0-3,Monday,780.0,167.6,175.7830641025641
BOS-CLT,4-7,Wednesday,795.0,132.61,182.4034716981132
BOS-CLT,8-14,Saturday,1191.0,148.6,193.44801007556674
BOS-CLT,15-30,Monday,1523.0,178.6,200.20089297439267
BOS-CLT,31-60,Friday,4038.0,206.61,220.4118573551263
BOS-CLT,61+,,,,
BOS-DEN,0-3,Monday,589.0,297.6,316.31397283531413
BOS-DEN,4-7,Saturday,659.0,327.6,362.1488922610015
BOS-DEN,8-14,Friday,1140.0,402.6,428.6250877192983
BOS-DEN,15-30,Monday,1628.0,437.6,470.5106326781327
BOS-DEN,31-60,Tuesday,2000.0,414.6,426.57437
BOS-DEN,61+,,,,
BOS-DFW,0-3,Monday,940.0,287.6,254.32643617021276
BOS-DFW,4-7,Friday,1068.0,300.1,285.24384831460674
BOS-DFW,8-14,Monday,1486.0,291.1,302.86045087483177
BOS-DFW,15-30,Monday,1668.0,301.6,315.31985611510794
BOS-DFW,31-60,Tuesday,1771.0,277.58,300.22724449463584
BOS-DFW,61+,,,,
BOS-DTW,0-3,Sunday,589.0,298.6,314.6609507640068
BOS-DTW,4-7,Thursday,919.0,298.6,310.8820565832426
BOS-DTW,8-14,Thursday,1412.0,272.6,295.4066147308782
BOS-DTW,15-30,Monday,1472.0,228.6,251.76438179347824
BOS-DTW,31-60,Saturday,3628.0,252.2,265.7589002205072
BOS-DTW,61+,,,,
BOS-EWR,0-3,Saturday,277.0,138.6,199.28458483754514
BOS-EWR,4-7,Friday,419.0,113.6,136.01534606205252
BOS-EWR,8-14,Monday,662.0,98.6,149.15673716012083
BOS-EWR,15-30,Monday,882.0,93.6,147.21273242630386
BOS-EWR,31-60,Sunday,2107.0,135.58,182.77469387755104
BOS-EWR,61+,,,,
BOS-IAD,0-3,Monday,262.0,177.61,176.99526717557254
BOS-IAD,4-7,Thursday,319.0,167.1,197.53721003134797
BOS-IAD,8-14,Tuesday,561.0,187.6,247.43306595365422
BOS-IAD,15-30,Monday,785.0,242.6,262.26029299363057
BOS-IAD,31-60,Tuesday,1021.0,292.6,287.9164152791381
BOS-IAD,61+,,,,
BOS-JFK,0-3,Monday,487.0,143.6,180.48513347022586
BOS-JFK,4-7,Friday,643.0,133.6,187.318367029549
BOS-JFK,8-14,Monday,1082.0,148.6,199.15808687615527
BOS-JFK,15-30,Monday,1319.0,148.6,194.26666413949962
BOS-JFK,31-60,Monday,3071.0,143.6,189.30687723868448
BOS-JFK,61+,,,,
BOS-LAX,0-3,Monday,1105.0,339.61,379.2776742081448
BOS-LAX,4-7,Friday,1304.0,348.61,413.4268558282209
BOS-LAX,8-14,Friday,2163.0,443.6,484.33589459084607
BOS-LAX,15-30,Monday,2602.0,476.59,501.70119523443503
BOS-LAX,31-60,Tuesday,3172.0,425.9,449.79590163934427
BOS-LAX,61+,,,,
BOS-LGA,0-3,Monday,763.0,128.6,163.42391874180865
BOS-LGA,4-7,Thursday,885.0,108.6,130.09314124293783
BOS-LGA,8-14,Monday,1227.0,108.6,147.38405052974736
BOS-LGA,15-30,Saturday,2744.0,97.6,131.85863702623905
BOS-LGA,31-60,Tuesday,2151.0,98.6,147.12423059042305
BOS-LGA,61+,,,,
BOS-MIA,0-3,Friday,514.0,237.6,273.7695719844358
BOS-MIA,4-7,Wednesday,929.0,212.21,204.60895586652313
BOS-MIA,8-14,Saturday,1390.0,166.905,194.55336690647482
BOS-MIA,15-30,Monday,1839.0,217.61,225.5709842305601
BOS-MIA,31-60,Thursday,5893.0,238.61,254.2605498048532
BOS-MIA,61+,,,,
BOS-OAK,0-3,Saturday,369.0,588.6,599.989647696477
BOS-OAK,4-7,Wednesday,459.0,583.7,628.4766448801744
BOS-OAK,8-14,Tuesday,712.0,618.6,639.0448314606742
BOS-OAK,15-30,Monday,927.0,666.1,705.6204854368933
BOS-OAK,31-60,Tuesday,1177.0,637.2,657.1643330501274
BOS-OAK,61+,,,,
BOS-ORD,0-3,Sunday,725.0,137.6,177.75463448275863
BOS-ORD,4-7,Wednesday,865.0,198.61,213.21953757225432
BOS-ORD,8-14,Monday,1374.0,205.6,242.75655749636098
BOS-ORD,15-30,Monday,1700.0,217.61,247.02593529411766
BOS-ORD,31-60,Tuesday,1821.0,203.35,225.32978583196044
BOS-ORD,61+,,,,
BOS-PHL,0-3,Monday,411.0,186.1,243.87104622871047
BOS-PHL,4-7,Monday,419.0,186.1,254.29699284009547
BOS-PHL,8-14,Saturday,804.0,148.1,235.93813432835822
BOS-PHL,15-30,Monday,980.0,148.6,203.8932551020408
BOS-PHL,31-60,Friday,2417.0,148.6,199.46965246172942
BOS-PHL,61+,,,,
BOS-SFO,0-3,Monday,853.0,337.6,357.28336459554515
BOS-SFO,4-7,Friday,854.0,358.6,389.90192037470723
BOS-SFO,8-14,Friday,1601.0,506.1,531.3232479700188
BOS-SFO,15-30,Tuesday,1387.0,557.6,581.5104397981254
BOS-SFO,31-60,Tuesday,2448.0,481.6,505.81613153594776
BOS-SFO,61+,,,,
CLT-ATL,0-3,Friday,466.0,407.1,447.4457510729614
CLT-ATL,4-7,Thursday,946.0,395.59,406.75455602537
CLT-ATL,8-14,Friday,1052.0,357.1,377.1466920152091
CLT-ATL,15-30,Wednesday,1419.0,269.69,284.80324171952077
CLT-ATL,31-60,Tuesday,1064.0,247.1,266.42636278195494
CLT-ATL,61+,,,,
CLT-BOS,0-3,Monday,650.0,166.1,189.28824615384616
CLT-BOS,4-7,Friday,747.0,166.1,211.96389558232931
CLT-BOS,8-14,Saturday,1006.0,177.1,214.14694831013915
CLT-BOS,15-30,Monday,1364.0,186.1,212.43088709677417
CLT-BOS,31-60,Friday,3364.0,206.1,229.65115338882282
CLT-BOS,61+,,,,
CLT-DEN,0-3,Monday,464.0,387.1,402.1287715517241
CLT-DEN,4-7,Monday,403.0,407.1,434.74414392059555
CLT-DEN,8-14,Friday,946.0,464.1,482.6514799154334
CLT-DEN,15-30,Monday,1175.0,472.11,491.74861276595743
CLT-DEN,31-60,Monday,2129.0,437.09,485.54726162517613
CLT-DEN,61+,,,,
CLT-DFW,0-3,Monday,854.0,252.1,312.1248829039813
CLT-DFW,4-7,Saturday,928.0,295.58,335.3009698275862
CLT-DFW,8-14,Tuesday,1566.0,327.1,359.09436781609196
CLT-DFW,15-30,Monday,1886.0,307.1,346.3936691410392
CLT-DFW,31-60,Monday,4108.0,307.09,349.7021251217137
CLT-DFW,61+,,,,
CLT-DTW,0-3,Friday,513.0,457.1,423.79801169590644
CLT-DTW,4-7,Friday,823.0,366.1,365.3750668286756
CLT-DTW,8-14,Friday,1231.0,357.1,329.44442729488225
CLT-DTW,15-30,Monday,1170.0,242.19,257.05104273504276
CLT-DTW,31-60,Friday,2683.0,226.1,249.2458032053671
CLT-DTW,61+,,,,
CLT-EWR,0-3,Saturday,516.0,265.65,296.95156976744187
CLT-EWR,4-7,Friday,754.0,293.1,290.0945225464191
CLT-EWR,8-14,Friday,1186.0,257.1,270.6576728499157
CLT-EWR,15-30,Friday,2506.0,206.1,232.81588587390263
CLT-EWR,31-60,Saturday,3142.0,203.11,229.43946849140676
CLT-EWR,61+,,,,
CLT-IAD,0-3,Monday,255.0,189.1,247.09250980392156
CLT-IAD,4-7,Friday,304.0,180.1,225.22657894736844
CLT-IAD,8-14,Monday,487.0,167.1,218.36893223819303
CLT-IAD,15-30,Monday,585.0,167.1,197.13837606837606
CLT-IAD,31-60,Sunday,1286.0,183.1,213.92543545878692
CLT-IAD,61+,,,,
CLT-JFK,0-3,Saturday,518.0,210.7,266.7179536679537
CLT-JFK,4-7,Friday,862.0,217.1,275.9791995359629
CLT-JFK,8-14,Friday,1170.0,217.1,284.07899145299143
CLT-JFK,15-30,Monday,1201.0,199.1,246.91671940049957
CLT-JFK,31-60,Friday,2807.0,197.11,244.04338795867474
CLT-JFK,61+,,,,
CLT-LAX,0-3,Monday,1048.0,369.1,421.8416221374046
CLT-LAX,4-7,Friday,1165.0,447.1,470.9078712446352
CLT-LAX,8-14,Wednesday,1766.0,467.1,511.30123442808605
CLT-LAX,15-30,Monday,2326.0,520.7,532.138766122098
CLT-LAX,31-60,Monday,5332.0,502.11,521.0950356339084
CLT-LAX,61+,,,,
CLT-LGA,0-3,Saturday,733.0,199.1,218.2030150068213
CLT-LGA,4-7,Friday,1155.0,199.1,208.01999134199133
CLT-LGA,8-14,Friday,1631.0,197.1,218.64079705702025
CLT-LGA,15-30,Monday,1984.0,177.09,185.11117943548388
CLT-LGA,31-60,Saturday,4608.0,172.1,184.88884114583334
CLT-LGA,61+,,,,
CLT-MIA,0-3,Monday,644.0,210.1,285.25793478260874
CLT-MIA,4-7,Friday,844.0,199.1,272.6362440758294
CLT-MIA,8-14,Tuesday,1409.0,262.11,276.85264726756566
CLT-MIA,15-30,Monday,1588.0,277.1,272.5052518891688
CLT-MIA,31-60,Monday,3241.0,265.1,293.3773619253317
CLT-MIA,61+,,,,
CLT-OAK,0-3,Monday,170.0,573.21,602.2804705882353
CLT-OAK,4-7,Friday,222.0,619.4000000000001,643.0473873873873
CLT-OAK,8-14,Friday,410.0,734.2,716.3663902439025
CLT-OAK,15-30,Monday,512.0,745.6,727.82427734375
CLT-OAK,31-60,Wednesday,935.0,752.1,725.6186631016043
CLT-OAK,61+,,,,
CLT-ORD,0-3,Saturday,553.0,199.1,245.67367088607597
CLT-ORD,4-7,Wednesday,776.0,191.1,243.8056443298969
CLT-ORD,8-14,Friday,1191.0,223.1,270.1693786733837
CLT-ORD,15-30,Monday,1451.0,228.1,261.9456581667815
CLT-ORD,31-60,Tuesday,1775.0,223.1,256.66085070422537
CLT-ORD,61+,,,,
CLT-PHL,0-3,Monday,610.0,263.105,264.7113606557377
CLT-PHL,4-7,Tuesday,595.0,281.08,301.1227899159664
CLT-PHL,8-14,Sunday,1020.0,243.59,297.99541176470586
CLT-PHL,15-30,Monday,1226.0,285.9,296.15477161500814
CLT-PHL,31-60,Monday,2781.0,267.1,296.60950017979144
CLT-PHL,61+,,,,
CLT-SFO,0-3,Monday,639.0,475.71,481.9909389671362
CLT-SFO,4-7,Friday,737.0,540.1,533.1448846675713
CLT-SFO,8-14,Friday,1291.0,606.09,603.348791634392
CLT-SFO,15-30,Tuesday,1304.0,637.11,636.7736349693253
CLT-SFO,31-60,Monday,3702.0,607.1,617.648738519719
CLT-SFO,61+,,,,
DEN-ATL,0-3,Monday,490.0,296.61,343.35936734693877
DEN-ATL,4-7,Friday,576.0,330.405,356.11673611111115
DEN-ATL,8-14,Saturday,1028.0,398.6,415.90322957198447
DEN-ATL,15-30,Tuesday,893.0,404.19,415.38629339305714
DEN-ATL,31-60,Tuesday,1565.0,394.01,399.82347603833864
DEN-ATL,61+,,,,
DEN-BOS,0-3,Saturday,413.0,297.6,334.29506053268767
DEN-BOS,4-7,Friday,661.0,377.6,397.0752042360061
DEN-BOS,8-14,Friday,1193.0,437.6,449.62367141659684
DEN-BOS,15-30,Monday,1682.0,476.11,478.9758501783591
DEN-BOS,31-60,Tuesday,1807.0,422.61,435.07982291090207
DEN-BOS,61+,,,,
DEN-CLT,0-3,Monday,482.0,305.61,344.5852074688797
DEN-CLT,4-7,Thursday,552.0,366.295,394.54155797101447
DEN-CLT,8-14,Sunday,931.0,408.6,440.09381310418905
DEN-CLT,15-30,Monday,1219.0,436.6,454.7250123051682
DEN-CLT,31-60,Tuesday,1357.0,407.6,414.80021370670596
DEN-CLT,61+,,,,
DEN-DFW,0-3,Monday,487.0,200.6,233.70133470225872
DEN-DFW,4-7,Friday,507.0,200.6,217.50437869822485
DEN-DFW,8-14,Tuesday,713.0,191.6,225.5057363253857
DEN-DFW,15-30,Monday,868.0,202.6,224.55581797235024
DEN-DFW,31-60,Saturday,2201.0,212.6,235.46258518855066
DEN-DFW,61+,,,,
DEN-DTW,0-3,Monday,393.0,305.61,363.24592875318064
DEN-DTW,4-7,Friday,479.0,378.6,389.5199791231733
DEN-DTW,8-14,Friday,779.0,407.6,407.67961489088583
DEN-DTW,15-30,Monday,1030.0,431.6,437.6007766990291
DEN-DTW,31-60,Tuesday,1229.0,390.59,429.2493734743694
DEN-DTW,61+,,,,
DEN-EWR,0-3,Sunday,490.0,298.405,316.0425102040817
DEN-EWR,4-7,Friday,570.0,322.6,345.79963157894736
DEN-EWR,8-14,Sunday,936.0,373.21,401.79756410256414
DEN-EWR,15-30,Monday,1238.0,418.6,430.42334410339254
DEN-EWR,31-60,Sunday,2437.0,412.61,421.4384242921625
DEN-EWR,61+,,,,
DEN-IAD,0-3,Saturday,272.0,294.6,390.21165441176475
DEN-IAD,4-7,Friday,420.0,358.6,381.53047619047624
DEN-IAD,8-14,Friday,644.0,415.6,439.7057453416149
DEN-IAD,15-30,Monday,918.0,455.9,487.1693464052288
DEN-IAD,31-60,Tuesday,1050.0,408.6,448.1324666666667
DEN-IAD,61+,,,,
DEN-JFK,0-3,Saturday,422.0,531.6,476.8727962085308
DEN-JFK,4-7,Wednesday,614.0,546.6,499.5312866449512
DEN-JFK,8-14,Wednesday,1259.0,551.21,528.7108657664813
DEN-JFK,15-30,Friday,3035.0,571.2,539.5095518945634
DEN-JFK,31-60,Friday,4574.0,571.2,524.676353301268
DEN-JFK,61+,,,,
DEN-LAX,0-3,Monday,949.0,241.6,270.05692307692306
DEN-LAX,4-7,Tuesday,737.0,232.6,255.45873812754408
DEN-LAX,8-14,Friday,1410.0,217.61,253.01737588652483
DEN-LAX,15-30,Monday,1722.0,218.6,249.46977351916377
DEN-LAX,31-60,Friday,4736.0,232.6,264.3990561655405
DEN-LAX,61+,,,,
DEN-LGA,0-3,Monday,570.0,272.6,270.25019298245616
DEN-LGA,4-7,Friday,599.0,284.58,303.6985141903172
DEN-LGA,8-14,Saturday,1023.0,332.61,343.50817204301075
DEN-LGA,15-30,Monday,1330.0,358.6,366.0392857142857
DEN-LGA,31-60,Monday,3049.0,327.6,349.9222302394228
DEN-LGA,61+,,,,
DEN-MIA,0-3,Saturday,378.0,351.6,419.7852380952381
DEN-MIA,4-7,Thursday,566.0,351.6,402.5367137809187
DEN-MIA,8-14,Saturday,921.0,418.6,420.2769706840391
DEN-MIA,15-30,Monday,1211.0,427.6,430.50483071841455
DEN-MIA,31-60,Tuesday,1643.0,418.6,430.73376141205114
DEN-MIA,61+,,,,
DEN-OAK,0-3,Saturday,248.0,447.59,396.2498790322581
DEN-OAK,4-7,Thursday,395.0,468.7,406.04691139240504
DEN-OAK,8-14,Sunday,671.0,471.1,400.8279433681073
DEN-OAK,15-30,Monday,774.0,467.2,377.56144702842374
DEN-OAK,31-60,Monday,1840.0,421.6,381.65475
DEN-OAK,61+,,,,
DEN-ORD,0-3,Monday,450.0,253.6,319.6273333333333
DEN-ORD,4-7,Friday,557.0,339.6,374.7204129263914
DEN-ORD,8-14,Monday,821.0,348.6,388.8478806333739
DEN-ORD,15-30,Sunday,1492.0,395.705,409.48552949061667
DEN-ORD,31-60,Monday,2487.0,381.61,394.8609609971854
DEN-ORD,61+,,,,
DEN-PHL,0-3,Saturday,367.0,351.6,395.21057220708445
DEN-PHL,4-7,Thursday,577.0,351.6,409.895424610052
DEN-PHL,8-14,Monday,979.0,427.6,440.8560163432074
DEN-PHL,15-30,Monday,1331.0,477.59,472.2020510894065
DEN-PHL,31-60,Tuesday,1491.0,428.2,431.1102481556003
DEN-PHL,61+,,,,
DEN-SFO,0-3,Saturday,411.0,241.6,320.2486131386861
DEN-SFO,4-7,Friday,702.0,241.6,309.36890313390313
DEN-SFO,8-14,Sunday,1100.0,274.9,327.51147272727275
DEN-SFO,15-30,Monday,1329.0,298.6,324.34109857035367
DEN-SFO,31-60,Tuesday,1531.0,277.6,338.171894186806
DEN-SFO,61+,,,,
DFW-ATL,0-3,Sunday,419.0,233.2,272.87541766109786
DFW-ATL,4-7,Friday,547.0,259.58,283.248647166362
DFW-ATL,8-14,Saturday,899.0,259.6,283.6001223581758
DFW-ATL,15-30,Tuesday,811.0,271.6,293.34469790382246
DFW-ATL,31-60,Tuesday,1430.0,248.6,275.4262657342657
DFW-ATL,61+,,,,
DFW-BOS,0-3,Monday,695.0,301.6,321.5539712230216
DFW-BOS,4-7,Tuesday,708.0,307.6,326.73563559322037
DFW-BOS,8-14,Friday,1217.0,340.1,352.68015612161054
DFW-BOS,15-30,Sunday,2128.0,328.6,341.70233082706767
DFW-BOS,31-60,Tuesday,1619.0,278.6,314.41397776405194
DFW-BOS,61+,,,,
DFW-CLT,0-3,Sunday,616.0,283.6,334.1680194805195
DFW-CLT,4-7,Tuesday,675.0,324.58,352.6143407407407
DFW-CLT,8-14,Friday,1262.0,328.6,351.22947702060225
DFW-CLT,15-30,Monday,1563.0,309.6,337.44495841330775
DFW-CLT,31-60,Monday,3473.0,294.61,326.76488626547655
DFW-CLT,61+,,,,
DFW-DEN,0-3,Saturday,321.0,202.6,254.79906542056074
DFW-DEN,4-7,Tuesday,398.0,232.6,261.54246231155776
DFW-DEN,8-14,Monday,784.0,257.6,289.5782653061225
DFW-DEN,15-30,Monday,920.0,251.61,276.80616304347825
DFW-DEN,31-60,Monday,2280.0,248.6,321.7918289473684
DFW-DEN,61+,,,,
DFW-DTW,0-3,Wednesday,552.0,481.6,462.0976086956522
DFW-DTW,4-7,Tuesday,582.0,387.6,399.4541580756014
DFW-DTW,8-14,Wednesday,979.0,347.7,374.95506639427987
DFW-DTW,15-30,Sunday,1628.0,333.61,339.2988452088452
DFW-DTW,31-60,Tuesday,1329.0,279.61,304.9126937547028
DFW-DTW,61+,,,,
DFW-EWR,0-3,Sunday,497.0,284.21,302.80613682092553
DFW-EWR,4-7,Tuesday,603.0,307.6,327.67618573797677
DFW-EWR,8-14,Saturday,1083.0,304.6,336.57942751615883
DFW-EWR,15-30,Monday,1347.0,304.6,328.8617891610987
DFW-EWR,31-60,Sunday,3134.0,318.6,332.20400446713467
DFW-EWR,61+,,,,
DFW-IAD,0-3,Saturday,286.0,294.6,348.86954545454546
DFW-IAD,4-7,Thursday,398.0,294.6,366.6750502512563
DFW-IAD,8-14,Monday,626.0,338.61,357.6669808306709
DFW-IAD,15-30,Monday,845.0,348.6,361.3082130177515
DFW-IAD,31-60,Tuesday,978.0,333.2,347.5872290388548
DFW-IAD,61+,,,,
DFW-JFK,0-3,Sunday,343.0,297.6,347.2344023323615
DFW-JFK,4-7,Tuesday,379.0,334.1,375.7940897097625
DFW-JFK,8-14,Friday,695.0,335.6,372.98496402877703
DFW-JFK,15-30,Tuesday,581.0,325.7,348.5795008605852
DFW-JFK,31-60,Sunday,1925.0,307.6,351.4439428571428
DFW-JFK,61+,,,,
DFW-LAX,0-3,Saturday,883.0,296.61,318.27067950169874
DFW-LAX,4-7,Thursday,1247.0,294.6,332.34745789895754
DFW-LAX,8-14,Friday,2040.0,326.6,335.2028578431373
DFW-LAX,15-30,Monday,2372.0,327.6,330.41755059021926
DFW-LAX,31-60,Tuesday,2865.0,298.6,358.3112530541012
DFW-LAX,61+,,,,
DFW-LGA,0-3,Sunday,815.0,226.1,226.4879509202454
DFW-LGA,4-7,Tuesday,783.0,250.6,254.11472541507027
DFW-LGA,8-14,Friday,1575.0,259.6,281.50933333333336
DFW-LGA,15-30,Friday,3372.0,259.6,286.0822301304864
DFW-LGA,31-60,Tuesday,2571.0,225.6,275.0339478802023
DFW-LGA,61+,,,,
DFW-MIA,0-3,Saturday,596.0,294.6,359.7545805369128
DFW-MIA,4-7,Friday,924.0,294.6,348.995119047619
DFW-MIA,8-14,Friday,1391.0,268.6,302.076427030913
DFW-MIA,15-30,Monday,1577.0,267.6,284.6640393151554
DFW-MIA,31-60,Friday,4809.0,254.6,280.6496298606779
DFW-MIA,61+,,,,
DFW-OAK,0-3,Saturday,465.0,522.71,499.6137849462366
DFW-OAK,4-7,Tuesday,543.0,547.1,489.966758747698
DFW-OAK,8-14,Tuesday,1075.0,548.61,483.3419534883721
DFW-OAK,15-30,Thursday,2235.0,547.1,481.2415391498882
DFW-OAK,31-60,Friday,3510.0,526.71,477.60164672364675
DFW-OAK,61+,,,,
DFW-ORD,0-3,Friday,393.0,287.6,341.5836132315522
DFW-ORD,4-7,Monday,526.0,306.58,329.02104562737645
DFW-ORD,8-14,Monday,1149.0,337.6,354.25486510008704
DFW-ORD,15-30,Monday,1484.0,338.61,355.21146226415095
DFW-ORD,31-60,Monday,3046.0,296.58,318.21254432042025
DFW-ORD,61+,,,,
DFW-PHL,0-3,Saturday,485.0,294.6,336.64546391752583
DFW-PHL,4-7,Tuesday,650.0,294.6,335.2822461538462
DFW-PHL,8-14,Thursday,1117.0,358.6,361.75037600716206
DFW-PHL,15-30,Tuesday,1045.0,395.2,379.3457320574163
DFW-PHL,31-60,Monday,3564.0,354.01,360.05601851851856
DFW-PHL,61+,,,,
DFW-SFO,0-3,Saturday,349.0,294.6,330.4520630372493
DFW-SFO,4-7,Tuesday,436.0,356.6,358.7879357798165
DFW-SFO,8-14,Friday,863.0,368.6,391.4364889918888
DFW-SFO,15-30,Sunday,1570.0,384.01,402.0330445859873
DFW-SFO,31-60,Friday,2617.0,358.6,375.94680550248376
DFW-SFO,61+,,,,
DTW-ATL,0-3,Sunday,590.0,373.2,388.01828813559325
DTW-ATL,4-7,Friday,1047.0,408.6,393.5510028653295
DTW-ATL,8-14,Saturday,1389.0,365.61,350.06172786177103
DTW-ATL,15-30,Monday,1341.0,248.6,258.50427293064877
DTW-ATL,31-60,Friday,3271.0,216.58,249.0470100886579
DTW-ATL,61+,,,,
DTW-BOS,0-3,Sunday,531.0,294.35,310.2376836158192
DTW-BOS,4-7,Friday,743.0,278.19,294.02952893674296
DTW-BOS,8-14,Friday,1265.0,268.6,279.6102766798419
DTW-BOS,15-30,Monday,1312.0,212.58,237.87980182926827
DTW-BOS,31-60,Sunday,2876.0,233.61,258.58912726008344
DTW-BOS,61+,,,,
DTW-CLT,0-3,Sunday,658.0,457.9,373.5320516717325
DTW-CLT,4-7,Thursday,843.0,358.6,340.7000237247924
DTW-CLT,8-14,Friday,1192.0,358.6,319.0522734899329
DTW-CLT,15-30,Tuesday,737.0,238.6,247.31929443690638
DTW-CLT,31-60,Friday,2848.0,223.6,251.0189536516854
DTW-CLT,61+,,,,
DTW-DEN,0-3,Thursday,299.0,305.61,362.5731438127091
DTW-DEN,4-7,Sunday,441.0,347.61,387.3161224489796
DTW-DEN,8-14,Monday,748.0,406.1,405.1027941176471
DTW-DEN,15-30,Monday,902.0,416.2,406.3769955654102
DTW-DEN,31-60,Tuesday,1188.0,392.61,481.5852946127946
DTW-DEN,61+,,,,
DTW-DFW,0-3,Monday,818.0,472.6,433.7433985330074
DTW-DFW,4-7,Thursday,766.0,387.6,404.4691906005222
DTW-DFW,8-14,Friday,1018.0,338.6,354.3621021611002
DTW-DFW,15-30,Monday,1121.0,318.6,335.59082961641394
DTW-DFW,31-60,Monday,2614.0,304.6,332.1885768936496
DTW-DFW,61+,,,,
DTW-EWR,0-3,Monday,459.0,268.6,297.53638344226584
DTW-EWR,4-7,Friday,552.0,246.6,249.11666666666665
DTW-EWR,8-14,Monday,872.0,199.6,220.37920871559635
DTW-EWR,15-30,Monday,996.0,184.96,200.05032128514057
DTW-EWR,31-60,Saturday,2533.0,223.58,232.77490327674693
DTW-EWR,61+,,,,
DTW-IAD,0-3,Monday,211.0,179.6,214.69488151658769
DTW-IAD,4-7,Friday,268.0,178.1,212.25298507462688
DTW-IAD,8-14,Friday,436.0,178.1,218.4945871559633
DTW-IAD,15-30,Monday,497.0,199.1,207.21631790744465
DTW-IAD,31-60,Sunday,1079.0,199.1,212.75518072289157
DTW-IAD,61+,,,,
DTW-JFK,0-3,Monday,354.0,353.1,367.1434745762712
DTW-JFK,4-7,Thursday,427.0,316.1,352.98807962529276
DTW-JFK,8-14,Wednesday,671.0,348.6,360.11594634873325
DTW-JFK,15-30,Monday,919.0,322.2,343.73293797606095
DTW-JFK,31-60,Friday,2687.0,327.11,349.7326237439524
DTW-JFK,61+,,,,
DTW-LAX,0-3,Monday,873.0,370.6,437.2975830469645
DTW-LAX,4-7,Friday,1126.0,448.6,453.1747779751332
DTW-LAX,8-14,Sunday,1824.0,475.6,468.687346491228
DTW-LAX,15-30,Monday,2195.0,471.6,465.4157630979499
DTW-LAX,31-60,Tuesday,2888.0,454.2,452.4478531855956
DTW-LAX,61+,,,,
DTW-LGA,0-3,Tuesday,592.0,219.59,244.48168918918918
DTW-LGA,4-7,Thursday,764.0,192.6,214.00369109947644
DTW-LGA,8-14,Friday,1216.0,181.6,214.9318092105263
DTW-LGA,15-30,Tuesday,940.0,163.6,178.54047872340425
DTW-LGA,31-60,Friday,3715.0,178.6,201.01867833109017
DTW-LGA,61+,,,,
DTW-MIA,0-3,Monday,552.0,305.61,319.95985507246377
DTW-MIA,4-7,Wednesday,578.0,268.6,279.32121107266437
DTW-MIA,8-14,Friday,934.0,217.61,256.56264453961455
DTW-MIA,15-30,Monday,1177.0,242.61,263.07787595581993
DTW-MIA,31-60,Friday,3238.0,247.58,283.7297467572576
DTW-MIA,61+,,,,
DTW-OAK,0-3,Sunday,291.0,569.11,533.0523367697594
DTW-OAK,4-7,Friday,427.0,569.11,529.6879859484778
DTW-OAK,8-14,Monday,703.0,607.11,561.0344238975819
DTW-OAK,15-30,Tuesday,584.0,642.705,580.151198630137
DTW-OAK,31-60,Monday,2232.0,630.985,599.0585663082437
DTW-OAK,61+,,,,
DTW-ORD,0-3,Thursday,207.0,202.6,258.6929951690821
DTW-ORD,4-7,Monday,268.0,202.6,255.33850746268658
DTW-ORD,8-14,Friday,539.0,202.6,252.67009276437847
DTW-ORD,15-30,Monday,608.0,218.6,243.45154605263158
DTW-ORD,31-60,Tuesday,879.0,218.6,238.76668941979523
DTW-ORD,61+,,,,
DTW-PHL,0-3,Monday,470.0,485.6,398.3829361702128
DTW-PHL,4-7,Thursday,516.0,368.6,370.60098837209307
DTW-PHL,8-14,Thursday,806.0,358.6,328.64225806451617
DTW-PHL,15-30,Monday,827.0,260.2,277.27894800483676
DTW-PHL,31-60,Tuesday,1104.0,268.6,287.6777536231884
DTW-PHL,61+,,,,
DTW-SFO,0-3,Monday,733.0,582.1,536.5688949522511
DTW-SFO,4-7,Friday,921.0,530.6,561.0336047774159
DTW-SFO,8-14,Sunday,1295.0,533.6,610.7849266409266
DTW-SFO,15-30,Tuesday,948.0,552.2,589.822246835443
DTW-SFO,31-60,Tuesday,1941.0,527.6,554.2189644513138
DTW-SFO,61+,,,,
EWR-ATL,0-3,Monday,471.0,187.1,238.8352229299363
EWR-ATL,4-7,Friday,627.0,181.1,202.85601275917065
EWR-ATL,8-14,Friday,948.0,191.58,205.72655063291143
EWR-ATL,15-30,Sunday,1698.0,218.6,229.3448351001178
EWR-ATL,31-60,Tuesday,1574.0,228.6,239.56212198221095
EWR-ATL,61+,,,,
EWR-BOS,0-3,Monday,310.0,148.6,179.98551612903228
EWR-BOS,4-7,Friday,398.0,118.6,146.82738693467334
EWR-BOS,8-14,Monday,658.0,113.6,150.80940729483282
EWR-BOS,15-30,Sunday,1231.0,98.6,147.8168237205524
EWR-BOS,31-60,Saturday,2163.0,143.6,174.3261581137309
EWR-BOS,61+,,,,
EWR-CLT,0-3,Saturday,516.0,305.7,339.0097674418605
EWR-CLT,4-7,Friday,898.0,270.095,288.3166815144766
EWR-CLT,8-14,Thursday,1282.0,247.6,269.8406864274571
EWR-CLT,15-30,Monday,1311.0,199.6,212.47465293668955
EWR-CLT,31-60,Friday,3711.0,204.61,224.897251414713
EWR-CLT,61+,,,,
EWR-DEN,0-3,Monday,463.0,322.6,339.2176673866091
EWR-DEN,4-7,Friday,584.0,348.6,370.4388869863014
EWR-DEN,8-14,Friday,940.0,418.6,415.75422340425536
EWR-DEN,15-30,Monday,1239.0,418.6,440.3835431799838
EWR-DEN,31-60,Monday,2713.0,418.6,430.5162476962772
EWR-DEN,61+,,,,
EWR-DFW,0-3,Monday,563.0,225.6,252.8929840142096
EWR-DFW,4-7,Saturday,656.0,241.6,272.15173780487805
EWR-DFW,8-14,Monday,996.0,277.6,290.0513955823293
EWR-DFW,15-30,Tuesday,899.0,287.58,309.483659621802
EWR-DFW,31-60,Sunday,2975.0,306.1,324.3627092436975
EWR-DFW,61+,,,,
EWR-DTW,0-3,Monday,439.0,268.6,327.3960820045558
EWR-DTW,4-7,Friday,559.0,247.1,253.50706618962434
EWR-DTW,8-14,Friday,891.0,217.6,230.98912457912456
EWR-DTW,15-30,Monday,1008.0,203.6,215.19657738095236
EWR-DTW,31-60,Friday,3059.0,241.11,255.36046420398824
EWR-DTW,61+,,,,
EWR-IAD,0-3,Monday,408.0,324.6,365.0824019607843
EWR-IAD,4-7,Friday,515.0,273.6,330.52293203883494
EWR-IAD,8-14,Thursday,959.0,308.59,330.16842544317
EWR-IAD,15-30,Monday,941.0,322.6,309.64716259298615
EWR-IAD,31-60,Friday,2546.0,351.09,334.64529065200315
EWR-IAD,61+,,,,
EWR-LAX,0-3,Sunday,733.0,334.58,383.4782673942701
EWR-LAX,4-7,Friday,1042.0,348.61,383.38868522072937
EWR-LAX,8-14,Monday,1602.0,386.6,415.95737203495634
EWR-LAX,15-30,Tuesday,1462.0,437.705,444.54358413132695
EWR-LAX,31-60,Tuesday,2662.0,428.6,435.4740721262209
EWR-LAX,61+,,,,
EWR-LGA,0-3,,,,
EWR-LGA,4-7,,,,
EWR-LGA,8-14,,,,
EWR-LGA,15-30,,,,
EWR-LGA,31-60,Saturday,23.0,158.6,151.42434782608697
EWR-LGA,61+,,,,
EWR-MIA,0-3,Sunday,377.0,208.6,245.96254641909815
EWR-MIA,4-7,Thursday,513.0,183.6,213.48313840155947
EWR-MIA,8-14,Monday,832.0,197.6,211.34317307692305
EWR-MIA,15-30,Saturday,1559.0,218.59,220.8000833867864
EWR-MIA,31-60,Friday,3049.0,235.58,250.30342407346672
EWR-MIA,61+,,,,
EWR-OAK,0-3,Monday,227.0,579.6,556.8363436123349
EWR-OAK,4-7,Friday,272.0,566.445,544.2073529411764
EWR-OAK,8-14,Friday,474.0,579.6,566.5246413502109
EWR-OAK,15-30,Monday,513.0,595.2,585.4318908382066
EWR-OAK,31-60,Tuesday,751.0,611.6,598.2440745672436
EWR-OAK,61+,,,,
EWR-ORD,0-3,Sunday,640.0,191.1,284.48603125
EWR-ORD,4-7,Monday,620.0,228.6,265.3470967741936
EWR-ORD,8-14,Friday,1198.0,228.6,255.50095158597665
EWR-ORD,15-30,Monday,1569.0,237.6,260.88613129381775
EWR-ORD,31-60,Friday,4423.0,258.6,278.2963667194212
EWR-ORD,61+,,,,
EWR-PHL,0-3,Sunday,480.0,449.1,444.10072916666667
EWR-PHL,4-7,Thursday,595.0,441.6,445.18247058823533
EWR-PHL,8-14,Thursday,1015.0,434.59,444.9174778325123
EWR-PHL,15-30,Tuesday,856.0,396.09,426.78275700934574
EWR-PHL,31-60,Saturday,2896.0,397.21,416.73104281767957
EWR-PHL,61+,,,,
EWR-SFO,0-3,Monday,698.0,370.6,453.66061604584525
EWR-SFO,4-7,Friday,870.0,408.6,450.7417471264368
EWR-SFO,8-14,Friday,1243.0,468.61,476.99378921962995
EWR-SFO,15-30,Monday,1428.0,498.6,515.6365196078432
EWR-SFO,31-60,Tuesday,1546.0,448.6,474.2924450194049
EWR-SFO,61+,,,,
IAD-ATL,0-3,Sunday,235.0,202.6,264.5691063829787
IAD-ATL,4-7,Thursday,302.0,199.1,247.11142384105958
IAD-ATL,8-14,Friday,464.0,218.6,258.4054310344828
IAD-ATL,15-30,Monday,540.0,221.6,244.18059259259257
IAD-ATL,31-60,Sunday,1312.0,228.6,264.49353658536586
IAD-ATL,61+,,,,
IAD-BOS,0-3,Sunday,221.0,178.1,240.1227149321267
IAD-BOS,4-7,Friday,393.0,317.6,299.92468193384224
IAD-BOS,8-14,Friday,831.0,371.1,343.22829121540315
IAD-BOS,15-30,Friday,1836.0,371.1,332.26141612200433
IAD-BOS,31-60,Monday,2082.0,361.7,327.40536983669546
IAD-BOS,61+,,,,
IAD-CLT,0-3,Sunday,270.0,190.6,273.39248148148147
IAD-CLT,4-7,Friday,361.0,181.6,259.128864265928
IAD-CLT,8-14,Monday,585.0,205.6,255.81899145299147
IAD-CLT,15-30,Monday,619.0,205.6,232.8631179321486
IAD-CLT,31-60,Monday,1487.0,208.6,237.32124411566915
IAD-CLT,61+,,,,
IAD-DEN,0-3,Monday,317.0,305.61,380.4193375394322
IAD-DEN,4-7,Friday,439.0,436.1,455.8740318906606
IAD-DEN,8-14,Friday,772.0,478.61,485.36047927461146
IAD-DEN,15-30,Friday,1988.0,498.6,511.94735412474853
IAD-DEN,31-60,Tuesday,1160.0,471.6,456.6661034482759
IAD-DEN,61+,,,,
IAD-DFW,0-3,Monday,454.0,294.6,334.29330396475774
IAD-DFW,4-7,Friday,517.0,294.6,345.6348549323017
IAD-DFW,8-14,Monday,699.0,346.11,357.06892703862667
IAD-DFW,15-30,Monday,821.0,346.2,351.8772107186358
IAD-DFW,31-60,Monday,1852.0,354.905,363.9161231101512
IAD-DFW,61+,,,,
IAD-DTW,0-3,Monday,184.0,218.6,263.2971739130435
IAD-DTW,4-7,Friday,208.0,208.61,249.2158173076923
IAD-DTW,8-14,Friday,353.0,208.1,250.24526912181304
IAD-DTW,15-30,Monday,427.0,208.61,244.63147540983607
IAD-DTW,31-60,Friday,1301.0,218.6,244.71887778631822
IAD-DTW,61+,,,,
IAD-EWR,0-3,Monday,423.0,338.6,366.5921276595745
IAD-EWR,4-7,Thursday,603.0,321.6,332.84150912106134
IAD-EWR,8-14,Wednesday,964.0,314.6,341.44702282157675
IAD-EWR,15-30,Monday,961.0,307.71,299.05682622268466
IAD-EWR,31-60,Sunday,2140.0,349.21,324.79977570093456
IAD-EWR,61+,,,,
IAD-JFK,0-3,Monday,377.0,399.6,411.2330769230769
IAD-JFK,4-7,Thursday,457.0,398.7,413.63052516411375
IAD-JFK,8-14,Friday,700.0,391.61,401.7792714285714
IAD-JFK,15-30,Monday,824.0,391.09,375.7136650485437
IAD-JFK,31-60,Friday,2088.0,406.7,383.68883620689655
IAD-JFK,61+,,,,
IAD-LAX,0-3,Monday,587.0,339.6,398.8267461669506
IAD-LAX,4-7,Friday,722.0,417.6,451.5135318559557
IAD-LAX,8-14,Saturday,1160.0,502.2,523.3454310344828
IAD-LAX,15-30,Monday,1696.0,566.1,570.1544103773585
IAD-LAX,31-60,Tuesday,2009.0,507.6,532.6776207068193
IAD-LAX,61+,,,,
IAD-LGA,0-3,Monday,908.0,399.6,424.9207268722467
IAD-LGA,4-7,Friday,1188.0,408.7,428.64550505050505
IAD-LGA,8-14,Friday,1836.0,409.445,422.4430555555556
IAD-LGA,15-30,Monday,2180.0,392.71,391.2192247706422
IAD-LGA,31-60,Tuesday,3057.0,411.1,392.3624664703958
IAD-LGA,61+,,,,
IAD-MIA,0-3,Sunday,228.0,316.1,331.3769298245614
IAD-MIA,4-7,Thursday,272.0,252.1,298.24827205882355
IAD-MIA,8-14,Friday,518.0,316.1,327.796138996139
IAD-MIA,15-30,Monday,768.0,316.1,324.68980468750004
IAD-MIA,31-60,Tuesday,995.0,348.59,352.27728643216085
IAD-MIA,61+,,,,
IAD-OAK,0-3,Monday,343.0,611.71,638.6027405247814
IAD-OAK,4-7,Friday,436.0,624.9000000000001,687.710642201835
IAD-OAK,8-14,Friday,772.0,731.7,748.0090414507772
IAD-OAK,15-30,Monday,879.0,751.7,778.4988395904437
IAD-OAK,31-60,Tuesday,832.0,725.705,732.8725240384616
IAD-OAK,61+,,,,
IAD-ORD,0-3,Monday,314.0,210.1,304.11315286624205
IAD-ORD,4-7,Thursday,400.0,282.1,339.0011
IAD-ORD,8-14,Tuesday,639.0,318.6,344.6595461658842
IAD-ORD,15-30,Monday,958.0,306.40999999999997,336.07212943632567
IAD-ORD,31-60,Monday,2228.0,311.1,334.69350987432676
IAD-ORD,61+,,,,
IAD-PHL,0-3,Sunday,256.0,399.1,443.335234375
IAD-PHL,4-7,Thursday,389.0,440.6,438.742853470437
IAD-PHL,8-14,Thursday,728.0,469.1,454.9186813186813
IAD-PHL,15-30,Monday,861.0,399.1,401.36895470383274
IAD-PHL,31-60,Monday,1829.0,362.01,381.9909349371241
IAD-PHL,61+,,,,
IAD-SFO,0-3,Monday,530.0,512.6,521.5455471698114
IAD-SFO,4-7,Friday,763.0,520.61,538.7396068152032
IAD-SFO,8-14,Friday,1164.0,537.6,576.3633934707904
IAD-SFO,15-30,Tuesday,863.0,596.6,599.106222479722
IAD-SFO,31-60,Tuesday,1391.0,548.1,586.1837455068297
IAD-SFO,61+,,,,
JFK-ATL,0-3,Monday,473.0,268.6,342.23084566596197
JFK-ATL,4-7,Friday,636.0,288.6,334.0364779874214
JFK-ATL,8-14,Tuesday,895.0,297.1,339.6842122905028
JFK-ATL,15-30,Monday,1186.0,297.1,321.6356829679595
JFK-ATL,31-60,Tuesday,1496.0,266.6,313.21917780748663
JFK-ATL,61+,,,,
JFK-BOS,0-3,Monday,495.0,148.6,190.06030303030303
JFK-BOS,4-7,Thursday,643.0,143.6,189.22790046656297
JFK-BOS,8-14,Friday,1092.0,148.6,194.5022802197802
JFK-BOS,15-30,Friday,2555.0,148.6,195.28151467710373
JFK-BOS,31-60,Tuesday,1618.0,128.6,186.57820766378242
JFK-BOS,61+,,,,
JFK-CLT,0-3,Monday,673.0,218.6,294.8583358098068
JFK-CLT,4-7,Friday,827.0,218.6,287.34096735187427
JFK-CLT,8-14,Friday,1165.0,222.2,289.5786180257511
JFK-CLT,15-30,Monday,1166.0,200.6,251.4347512864494
JFK-CLT,31-60,Tuesday,1415.0,193.61,236.78962544169613
JFK-CLT,61+,,,,
JFK-DEN,0-3,Monday,448.0,517.21,468.9092857142858
JFK-DEN,4-7,Saturday,563.0,527.21,491.78520426287747
JFK-DEN,8-14,Saturday,1003.0,547.2,522.6004287138585
JFK-DEN,15-30,Monday,1404.0,565.6,539.5550284900285
JFK-DEN,31-60,Friday,3683.0,571.2,539.9956204181374
JFK-DEN,61+,,,,
JFK-DFW,0-3,Monday,627.0,227.6,347.55221690590116
JFK-DFW,4-7,Saturday,636.0,326.1,404.9648270440252
JFK-DFW,8-14,Tuesday,933.0,348.27,429.2819935691319
JFK-DFW,15-30,Monday,1152.0,346.59,418.087421875
JFK-DFW,31-60,Tuesday,1741.0,347.7,427.9021539345204
JFK-DFW,61+,,,,
JFK-DTW,0-3,Monday,316.0,312.145,358.1837341772152
JFK-DTW,4-7,Thursday,417.0,300.2,347.237170263789
JFK-DTW,8-14,Tuesday,627.0,306.1,341.12956937799044
JFK-DTW,15-30,Friday,1423.0,288.6,315.92858749121575
JFK-DTW,31-60,Tuesday,1102.0,287.2,319.17837568058076
JFK-DTW,61+,,,,
JFK-IAD,0-3,Monday,348.0,398.65,409.82485632183904
JFK-IAD,4-7,Friday,471.0,387.21,398.687983014862
JFK-IAD,8-14,Friday,726.0,389.11,395.1482231404959
JFK-IAD,15-30,Monday,792.0,389.11,366.55354797979794
JFK-IAD,31-60,Friday,2097.0,398.09,371.02498330948976
JFK-IAD,61+,,,,
JFK-LAX,0-3,Monday,964.0,386.6,534.7217531120332
JFK-LAX,4-7,Friday,1191.0,386.6,496.9101931150294
JFK-LAX,8-14,Saturday,1987.0,428.6,488.98120785103174
JFK-LAX,15-30,Monday,2324.0,458.61,520.4802581755595
JFK-LAX,31-60,Tuesday,3029.0,408.6,452.0663552327501
JFK-LAX,61+,,,,
JFK-MIA,0-3,Monday,513.0,183.6,272.94654970760234
JFK-MIA,4-7,Monday,562.0,174.6,231.1557651245552
JFK-MIA,8-14,Friday,1006.0,148.6,200.6278926441352
JFK-MIA,15-30,Friday,2326.0,198.6,214.91926913155632
JFK-MIA,31-60,Tuesday,1707.0,212.61,215.4504979496192
JFK-MIA,61+,,,,
JFK-OAK,0-3,Saturday,117.0,560.2,592.0294871794872
JFK-OAK,4-7,Friday,213.0,578.6,600.5720657276995
JFK-OAK,8-14,Wednesday,366.0,578.6,593.012349726776
JFK-OAK,15-30,Monday,474.0,608.6,644.1184599156119
JFK-OAK,31-60,Tuesday,588.0,578.6,578.734574829932
JFK-OAK,61+,,,,
JFK-ORD,0-3,Monday,701.0,467.2,390.5120256776034
JFK-ORD,4-7,Friday,914.0,481.6,417.27109409190376
JFK-ORD,8-14,Tuesday,1560.0,501.59,444.90998717948725
JFK-ORD,15-30,Monday,2082.0,499.15,447.4439337175793
JFK-ORD,31-60,Tuesday,2605.0,482.21,437.3341190019194
JFK-ORD,61+,,,,
JFK-PHL,0-3,Sunday,295.0,365.6,382.6186779661017
JFK-PHL,4-7,Thursday,331.0,321.6,369.5921752265861
JFK-PHL,8-14,Thursday,535.0,336.6,374.700785046729
JFK-PHL,15-30,Monday,606.0,286.6,307.7899174917492
JFK-PHL,31-60,Tuesday,784.0,272.2,301.67664540816327
JFK-PHL,61+,,,,
JFK-SFO,0-3,Monday,568.0,370.6,505.42359154929574
JFK-SFO,4-7,Thursday,736.0,397.21,510.0352445652174
JFK-SFO,8-14,Saturday,1172.0,437.6,516.5110068259386
JFK-SFO,15-30,Monday,1347.0,467.12,517.2426429101707
JFK-SFO,31-60,Tuesday,1815.0,418.6,443.7238292011019
JFK-SFO,61+,,,,
LAX-ATL,0-3,Monday,1004.0,528.595,522.555358565737
LAX-ATL,4-7,Friday,1229.0,508.6,519.3116517493897
LAX-ATL,8-14,Sunday,2071.0,507.2,522.7936600676002
LAX-ATL,15-30,Monday,2402.0,513.6,508.5733721898418
LAX-ATL,31-60,Tuesday,3273.0,488.6,489.1882034830431
LAX-ATL,61+,,,,
LAX-BOS,0-3,Sunday,1012.0,457.6,533.9639328063241
LAX-BOS,4-7,Tuesday,1234.0,527.6,569.8206564019449
LAX-BOS,8-14,Friday,2393.0,549.6,585.7093773506059
LAX-BOS,15-30,Monday,2963.0,563.59,585.784458319271
LAX-BOS,31-60,Tuesday,3492.0,486.6,505.17709908361974
LAX-BOS,61+,,,,
LAX-CLT,0-3,Monday,812.0,459.6,493.2670197044335
LAX-CLT,4-7,Friday,1049.0,538.6,547.2714871306006
LAX-CLT,8-14,Monday,1927.0,555.61,558.287519460301
LAX-CLT,15-30,Friday,4502.0,564.61,582.2681186139495
LAX-CLT,31-60,Tuesday,3131.0,508.6,550.774928137975
LAX-CLT,61+,,,,
LAX-DEN,0-3,Sunday,613.0,244.6,311.86190864600326
LAX-DEN,4-7,Thursday,798.0,241.6,303.8044862155389
LAX-DEN,8-14,Monday,1312.0,258.6,290.8437881097561
LAX-DEN,15-30,Monday,1690.0,268.6,284.8132721893491
LAX-DEN,31-60,Sunday,3878.0,288.6,306.06625838060853
LAX-DEN,61+,,,,
LAX-DFW,0-3,Monday,995.0,305.61,334.67132663316585
LAX-DFW,4-7,Friday,1251.0,305.61,336.3752118305356
LAX-DFW,8-14,Monday,2042.0,326.6,342.1542654260529
LAX-DFW,15-30,Monday,2410.0,326.6,333.84207053941907
LAX-DFW,31-60,Monday,4858.0,310.6,329.9952264306299
LAX-DFW,61+,,,,
LAX-DTW,0-3,Sunday,683.0,538.6,550.3006442166911
LAX-DTW,4-7,Friday,1085.0,538.6,544.9095023041475
LAX-DTW,8-14,Friday,1899.0,538.6,541.0794523433386
LAX-DTW,15-30,Monday,2409.0,556.1,540.8739643005397
LAX-DTW,31-60,Tuesday,2867.0,496.6,490.81538890826647
LAX-DTW,61+,,,,
LAX-EWR,0-3,Monday,905.0,458.6,474.83462983425414
LAX-EWR,4-7,Friday,1224.0,479.105,506.94274509803927
LAX-EWR,8-14,Monday,1888.0,491.6,504.2444650423729
LAX-EWR,15-30,Tuesday,1646.0,491.6,503.3132989064399
LAX-EWR,31-60,Tuesday,2975.0,458.6,475.19794957983197
LAX-EWR,61+,,,,
LAX-IAD,0-3,Sunday,526.0,417.6,468.0387452471483
LAX-IAD,4-7,Friday,794.0,498.6,531.260831234257
LAX-IAD,8-14,Monday,1536.0,566.1,590.2186263020834
LAX-IAD,15-30,Tuesday,1425.0,591.7,614.2063578947369
LAX-IAD,31-60,Tuesday,2451.0,528.6,566.0315259077928
LAX-IAD,61+,,,,
LAX-JFK,0-3,Monday,905.0,472.6,667.4649392265194
LAX-JFK,4-7,Saturday,1164.0,504.6,667.9800343642612
LAX-JFK,8-14,Saturday,2009.0,527.6,639.5500647088104
LAX-JFK,15-30,Monday,2534.0,504.6,561.2203867403315
LAX-JFK,31-60,Tuesday,3228.0,458.6,475.83168215613387
LAX-JFK,61+,,,,
LAX-LGA,0-3,Sunday,927.0,417.6,451.3125350593312
LAX-LGA,4-7,Thursday,1411.0,489.59,509.30963146704465
LAX-LGA,8-14,Monday,2283.0,512.61,527.6825054752519
LAX-LGA,15-30,Monday,2754.0,517.2,542.8648184458968
LAX-LGA,31-60,Tuesday,3516.0,472.61,503.5677815699659
LAX-LGA,61+,,,,
LAX-MIA,0-3,Sunday,741.0,468.6,531.0665587044534
LAX-MIA,4-7,Tuesday,1000.0,501.2,522.57906
LAX-MIA,8-14,Thursday,1866.0,498.6,516.5465058949625
LAX-MIA,15-30,Monday,2085.0,493.6,493.42682973621106
LAX-MIA,31-60,Tuesday,2597.0,463.6,495.7118444358876
LAX-MIA,61+,,,,
LAX-OAK,0-3,Saturday,210.0,333.095,350.35657142857144
LAX-OAK,4-7,Friday,330.0,377.2,333.8650909090909
LAX-OAK,8-14,Sunday,679.0,397.19,349.27524300441826
LAX-OAK,15-30,Wednesday,1236.0,412.2,359.5063511326861
LAX-OAK,31-60,Monday,2056.0,350.6,345.96621108949415
LAX-OAK,61+,,,,
LAX-ORD,0-3,Monday,867.0,370.6,428.92716262975785
LAX-ORD,4-7,Monday,926.0,420.6,457.8909827213823
LAX-ORD,8-14,Friday,1719.0,428.6,455.1598778359512
LAX-ORD,15-30,Friday,3849.0,428.6,464.9173187840998
LAX-ORD,31-60,Friday,5645.0,428.6,436.2802285208149
LAX-ORD,61+,,,,
LAX-PHL,0-3,Monday,761.0,479.6,504.83014454664914
LAX-PHL,4-7,Tuesday,874.0,518.61,531.7595308924485
LAX-PHL,8-14,Friday,1731.0,565.6,558.4266204506066
LAX-PHL,15-30,Tuesday,1685.0,574.6,570.6883204747775
LAX-PHL,31-60,Tuesday,2651.0,539.6,525.1046850245191
LAX-PHL,61+,,,,
LAX-SFO,0-3,Monday,536.0,143.6,178.77856343283582
LAX-SFO,4-7,Thursday,730.0,148.6,190.39724657534245
LAX-SFO,8-14,Friday,1214.0,178.6,209.66536243822077
LAX-SFO,15-30,Tuesday,1084.0,178.6,212.96310885608858
LAX-SFO,31-60,Friday,4179.0,207.6,220.36110552763822
LAX-SFO,61+,,,,
LGA-ATL,0-3,Monday,816.0,211.1,243.74736519607845
LGA-ATL,4-7,Friday,990.0,203.6,219.74944444444446
LGA-ATL,8-14,Saturday,1325.0,198.6,211.20559245283016
LGA-ATL,15-30,Monday,1599.0,193.6,199.62186366479048
LGA-ATL,31-60,Tuesday,2233.0,205.58,218.90276309896998
LGA-ATL,61+,,,,
LGA-BOS,0-3,Monday,637.0,128.6,158.60199372056516
LGA-BOS,4-7,Thursday,809.0,123.61,136.37745364647714
LGA-BOS,8-14,Saturday,1146.0,123.61,156.6069982547993
LGA-BOS,15-30,Friday,2817.0,118.6,142.07080937167197
LGA-BOS,31-60,Friday,4811.0,118.6,147.7848222822698
LGA-BOS,61+,,,,
LGA-CLT,0-3,Monday,995.0,211.6,233.06233165829144
LGA-CLT,4-7,Friday,1193.0,200.6,212.49249790444256
LGA-CLT,8-14,Friday,1694.0,192.6,216.26945100354192
LGA-CLT,15-30,Monday,1951.0,177.61,183.75712455151205
LGA-CLT,31-60,Saturday,4796.0,178.6,187.82586738949124
LGA-CLT,61+,,,,
LGA-DEN,0-3,Sunday,494.0,273.6,297.72512145748993
LGA-DEN,4-7,Friday,583.0,308.6,329.9824528301887
LGA-DEN,8-14,Monday,984.0,370.6,380.6684451219512
LGA-DEN,15-30,Monday,1217.0,372.6,397.87833196384554
LGA-DEN,31-60,Monday,2676.0,326.1,339.1849813153961
LGA-DEN,61+,,,,
LGA-DFW,0-3,Sunday,935.0,203.6,220.8765882352941
LGA-DFW,4-7,Friday,1091.0,193.6,218.1663794683776
LGA-DFW,8-14,Saturday,1473.0,247.6,252.14772572980314
LGA-DFW,15-30,Tuesday,1354.0,247.6,252.89011816839
LGA-DFW,31-60,Tuesday,2681.0,225.6,270.12839985080194
LGA-DFW,61+,,,,
LGA-DTW,0-3,Monday,602.0,239.6,254.25355481727578
LGA-DTW,4-7,Friday,714.0,200.6,232.72357142857143
LGA-DTW,8-14,Friday,1072.0,181.6,212.84632462686568
LGA-DTW,15-30,Monday,1192.0,171.1,188.01150167785235
LGA-DTW,31-60,Friday,3694.0,188.6,216.70177855982675
LGA-DTW,61+,,,,
LGA-IAD,0-3,Sunday,840.0,402.71,425.46475000000004
LGA-IAD,4-7,Friday,1141.0,402.1,422.09834355828224
LGA-IAD,8-14,Friday,1741.0,396.09,410.9868696151637
LGA-IAD,15-30,Monday,1898.0,380.36,371.7467597471022
LGA-IAD,31-60,Friday,6090.0,398.09,387.0826075533662
LGA-IAD,61+,,,,
LGA-LAX,0-3,Sunday,1066.0,338.61,357.7700281425891
LGA-LAX,4-7,Friday,1382.0,367.6,400.79200434153404
LGA-LAX,8-14,Thursday,2265.0,427.6,450.4848653421634
LGA-LAX,15-30,Tuesday,2052.0,463.1,485.1658576998051
LGA-LAX,31-60,Tuesday,3732.0,437.7,464.08584137191855
LGA-LAX,61+,,,,
LGA-MIA,0-3,Monday,681.0,183.6,240.283906020558
LGA-MIA,4-7,Tuesday,691.0,178.6,210.9485962373372
LGA-MIA,8-14,Friday,1280.0,178.6,199.454640625
LGA-MIA,15-30,Monday,1603.0,198.6,205.48340611353714
LGA-MIA,31-60,Friday,5409.0,223.6,238.8312275836569
LGA-MIA,61+,,,,
LGA-OAK,0-3,Monday,498.0,634.1,680.2036345381526
LGA-OAK,4-7,Friday,557.0,671.1,713.0107899461401
LGA-OAK,8-14,Thursday,943.0,722.7,793.7942841993637
LGA-OAK,15-30,Monday,1243.0,766.11,837.5169428801288
LGA-OAK,31-60,Saturday,3105.0,752.1,770.334962962963
LGA-OAK,61+,,,,
LGA-ORD,0-3,Sunday,996.0,178.6,194.130281124498
LGA-ORD,4-7,Tuesday,917.0,173.6,193.33358778625953
LGA-ORD,8-14,Friday,1801.0,172.6,211.71260410882843
LGA-ORD,15-30,Monday,1961.0,172.6,177.86894951555328
LGA-ORD,31-60,Saturday,4912.0,172.6,190.47333672638436
LGA-ORD,61+,,,,
LGA-PHL,0-3,Monday,917.0,406.1,408.5853107960741
LGA-PHL,4-7,Thursday,1164.0,381.2,385.6796649484536
LGA-PHL,8-14,Thursday,1615.0,387.1,394.55687306501545
LGA-PHL,15-30,Monday,1786.0,318.6,328.0919932810751
LGA-PHL,31-60,Sunday,3852.0,312.895,324.2121261682243
LGA-PHL,61+,,,,
LGA-SFO,0-3,Monday,801.0,370.6,411.5775905118602
LGA-SFO,4-7,Friday,897.0,459.6,480.0284392419175
LGA-SFO,8-14,Sunday,1383.0,545.6,567.5924367317426
LGA-SFO,15-30,Tuesday,1449.0,597.2,610.3091787439613
LGA-SFO,31-60,Monday,5035.0,564.2,581.5790188679246
LGA-SFO,61+,,,,
MIA-ATL,0-3,Monday,438.0,254.14999999999998,289.5812328767123
MIA-ATL,4-7,Thursday,521.0,218.6,251.31238003838772
MIA-ATL,8-14,Thursday,914.0,236.89999999999998,271.1693435448578
MIA-ATL,15-30,Monday,1179.0,247.6,281.926844783715
MIA-ATL,31-60,Monday,2556.0,238.61,305.4077856025039
MIA-ATL,61+,,,,
MIA-BOS,0-3,Monday,856.0,237.6,232.6344742990654
MIA-BOS,4-7,Wednesday,756.0,212.89999999999998,211.88625661375661
MIA-BOS,8-14,Saturday,1288.0,191.09,202.56894409937888
MIA-BOS,15-30,Monday,1756.0,202.6,210.6179043280182
MIA-BOS,31-60,Thursday,5219.0,232.6,243.35518681739796
MIA-BOS,61+,,,,
MIA-CLT,0-3,Monday,674.0,211.6,276.978412462908
MIA-CLT,4-7,Friday,833.0,211.6,278.65788715486195
MIA-CLT,8-14,Saturday,1332.0,307.705,291.3325975975976
MIA-CLT,15-30,Friday,2693.0,308.6,316.64766431489045
MIA-CLT,31-60,Monday,2948.0,263.61,288.77570217096337
MIA-CLT,61+,,,,
MIA-DEN,0-3,Monday,465.0,351.6,375.6954193548387
MIA-DEN,4-7,Friday,569.0,351.6,381.70068541300526
MIA-DEN,8-14,Saturday,893.0,400.6,416.7968533034715
MIA-DEN,15-30,Monday,1122.0,420.6,420.29974153297684
MIA-DEN,31-60,Tuesday,1529.0,398.21,401.7997972531066
MIA-DEN,61+,,,,
MIA-DFW,0-3,Monday,1105.0,294.6,313.3926153846154
MIA-DFW,4-7,Wednesday,1041.0,268.6,325.4919596541787
MIA-DFW,8-14,Friday,1631.0,242.6,294.27036174126306
MIA-DFW,15-30,Monday,1824.0,242.6,268.81620065789474
MIA-DFW,31-60,Monday,3865.0,242.6,270.4519534282018
MIA-DFW,61+,,,,
MIA-DTW,0-3,Monday,559.0,305.61,318.6811270125224
MIA-DTW,4-7,Wednesday,506.0,267.6,289.96877470355736
MIA-DTW,8-14,Friday,844.0,217.58,253.30035545023696
MIA-DTW,15-30,Tuesday,759.0,236.1,253.77679841897233
MIA-DTW,31-60,Friday,3032.0,242.61,282.06527374670185
MIA-DTW,61+,,,,
MIA-EWR,0-3,Monday,353.0,158.6,195.80674220963172
MIA-EWR,4-7,Friday,453.0,168.58,255.9035761589404
MIA-EWR,8-14,Friday,728.0,188.6,265.9914423076923
MIA-EWR,15-30,Tuesday,743.0,217.6,254.78658142664872
MIA-EWR,31-60,Friday,3047.0,241.6,279.344040039383
MIA-EWR,61+,,,,
MIA-IAD,0-3,Monday,181.0,241.6,267.34845303867405
MIA-IAD,4-7,Friday,256.0,241.6,282.83078125000003
MIA-IAD,8-14,Friday,481.0,316.1,333.33592515592517
MIA-IAD,15-30,Tuesday,464.0,312.35,323.92661637931036
MIA-IAD,31-60,Saturday,1567.0,348.59,354.7602488832164
MIA-IAD,61+,,,,
MIA-JFK,0-3,Monday,458.0,174.6,214.9567248908297
MIA-JFK,4-7,Thursday,546.0,148.6,202.6417032967033
MIA-JFK,8-14,Friday,823.0,138.6,205.58739975698663
MIA-JFK,15-30,Monday,1123.0,190.6,205.28560106856634
MIA-JFK,31-60,Thursday,3632.0,210.61,229.35195759911895
MIA-JFK,61+,,,,
MIA-LAX,0-3,Monday,725.0,353.6,382.75055172413795
MIA-LAX,4-7,Friday,907.0,361.58,397.39080485115767
MIA-LAX,8-14,Tuesday,1395.0,399.1,409.95407168458786
MIA-LAX,15-30,Monday,1796.0,397.6,410.15179844098
MIA-LAX,31-60,Friday,5004.0,403.6,412.32510191846524
MIA-LAX,61+,,,,
MIA-LGA,0-3,Monday,609.0,183.6,194.09331691297209
MIA-LGA,4-7,Thursday,724.0,153.6,165.90008287292818
MIA-LGA,8-14,Saturday,1094.0,127.6,179.63162705667276
MIA-LGA,15-30,Friday,2921.0,198.6,223.96918521054434
MIA-LGA,31-60,Friday,5136.0,223.6,234.3606308411215
MIA-LGA,61+,,,,
MIA-OAK,0-3,Monday,155.0,646.09,679.0031612903226
MIA-OAK,4-7,Friday,217.0,708.6,726.148801843318
MIA-OAK,8-14,Thursday,368.0,692.105,712.9964130434782
MIA-OAK,15-30,Tuesday,347.0,731.71,739.1252161383286
MIA-OAK,31-60,Tuesday,606.0,689.61,689.8122772277228
MIA-OAK,61+,,,,
MIA-ORD,0-3,Monday,778.0,217.61,256.24362467866325
MIA-ORD,4-7,Friday,852.0,217.61,257.57475352112675
MIA-ORD,8-14,Monday,1045.0,238.2,267.8628133971292
MIA-ORD,15-30,Tuesday,1023.0,234.59,271.34768328445745
MIA-ORD,31-60,Friday,4585.0,248.6,292.5504449291167
MIA-ORD,61+,,,,
MIA-PHL,0-3,Monday,554.0,212.6,246.3251263537906
MIA-PHL,4-7,Friday,677.0,211.6,241.81929098966026
MIA-PHL,8-14,Friday,1077.0,212.6,262.85102135561743
MIA-PHL,15-30,Tuesday,940.0,223.595,261.7078723404255
MIA-PHL,31-60,Friday,4073.0,235.6,287.7502970783206
MIA-PHL,61+,,,,
MIA-SFO,0-3,Monday,586.0,389.61,442.97773037542663
MIA-SFO,4-7,Friday,736.0,494.1,481.22487771739134
MIA-SFO,8-14,Thursday,1214.0,518.61,546.8163591433279
MIA-SFO,15-30,Monday,1410.0,518.6,539.9883120567376
MIA-SFO,31-60,Tuesday,1849.0,517.6,568.020405624662
MIA-SFO,61+,,,,
OAK-ATL,0-3,Sunday,376.0,651.905,645.2172606382978
OAK-ATL,4-7,Thursday,477.0,662.69,631.9074213836478
OAK-ATL,8-14,Thursday,796.0,637.6,636.2152261306533
OAK-ATL,15-30,Monday,935.0,637.6,622.1475828877005
OAK-ATL,31-60,Tuesday,1424.0,627.19,612.6058497191011
OAK-ATL,61+,,,,
OAK-BOS,0-3,Friday,165.0,600.1,645.7522424242425
OAK-BOS,4-7,Tuesday,273.0,702.71,705.521978021978
OAK-BOS,8-14,Friday,657.0,768.6,768.0064840182648
OAK-BOS,15-30,Monday,812.0,771.61,767.3822783251231
OAK-BOS,31-60,Tuesday,969.0,667.7,669.9170897832818
OAK-BOS,61+,,,,
OAK-CLT,0-3,Sunday,205.0,614.7,686.1426829268293
OAK-CLT,4-7,Thursday,279.0,727.1,746.5243727598566
OAK-CLT,8-14,Thursday,477.0,737.1,753.1800838574424
OAK-CLT,15-30,Sunday,810.0,766.7,779.5731111111111
OAK-CLT,31-60,Sunday,1182.0,744.905,745.7986040609138
OAK-CLT,61+,,,,
OAK-DEN,0-3,Monday,314.0,460.1,426.6742038216561
OAK-DEN,4-7,Friday,450.0,481.59,436.8506888888889
OAK-DEN,8-14,Monday,835.0,477.2,437.0062634730539
OAK-DEN,15-30,Friday,1640.0,471.6,416.7755
OAK-DEN,31-60,Friday,2635.0,457.2,399.25888804554074
OAK-DEN,61+,,,,
OAK-DFW,0-3,Friday,354.0,439.07,488.41677966101696
OAK-DFW,4-7,Saturday,603.0,517.11,478.92114427860696
OAK-DFW,8-14,Wednesday,1130.0,508.6,464.75471681415934
OAK-DFW,15-30,Friday,2223.0,429.6,449.61557354925776
OAK-DFW,31-60,Friday,3499.0,409.07,446.38528722492146
OAK-DFW,61+,,,,
OAK-DTW,0-3,Sunday,237.0,607.61,623.3964556962025
OAK-DTW,4-7,Saturday,400.0,721.405,682.73385
OAK-DTW,8-14,Friday,637.0,697.21,645.5195604395605
OAK-DTW,15-30,Monday,725.0,727.1,669.1569655172414
OAK-DTW,31-60,Monday,1937.0,667.21,629.8716107382551
OAK-DTW,61+,,,,
OAK-EWR,0-3,Sunday,295.0,601.61,612.1178644067797
OAK-EWR,4-7,Monday,278.0,607.6600000000001,606.7235611510791
OAK-EWR,8-14,Saturday,524.0,588.595,612.418606870229
OAK-EWR,15-30,Tuesday,435.0,627.11,625.2434022988506
OAK-EWR,31-60,Tuesday,751.0,614.19,608.290226364847
OAK-EWR,61+,,,,
OAK-IAD,0-3,Saturday,189.0,611.71,693.9677777777778
OAK-IAD,4-7,Friday,342.0,661.35,722.1305847953216
OAK-IAD,8-14,Sunday,706.0,697.21,737.5430169971671
OAK-IAD,15-30,Monday,643.0,726.61,757.0836236391913
OAK-IAD,31-60,Tuesday,689.0,685.1,682.7427140783745
OAK-IAD,61+,,,,
OAK-JFK,0-3,Tuesday,117.0,556.6,572.5040170940171
OAK-JFK,4-7,Thursday,226.0,576.395,597.5576548672566
OAK-JFK,8-14,Wednesday,444.0,581.04,610.9961936936937
OAK-JFK,15-30,Monday,603.0,608.6,624.7499502487562
OAK-JFK,31-60,Tuesday,676.0,578.6,584.2322928994083
OAK-JFK,61+,,,,
OAK-LAX,0-3,Monday,260.0,447.19,366.5805384615385
OAK-LAX,4-7,Thursday,346.0,422.39,346.58887283236993
OAK-LAX,8-14,Monday,685.0,451.6,381.7786277372263
OAK-LAX,15-30,Monday,889.0,437.21,373.85970753655795
OAK-LAX,31-60,Tuesday,1071.0,377.21,356.54918767507
OAK-LAX,61+,,,,
OAK-LGA,0-3,Sunday,501.0,649.7,721.8052694610778
OAK-LGA,4-7,Thursday,556.0,749.395,795.103129496403
OAK-LGA,8-14,Thursday,848.0,743.1,796.9222523584906
OAK-LGA,15-30,Monday,1078.0,766.1,818.6576623376623
OAK-LGA,31-60,Friday,2921.0,752.7,783.7102944197193
OAK-LGA,61+,,,,
OAK-MIA,0-3,Sunday,169.0,722.7,768.7111242603551
OAK-MIA,4-7,Thursday,227.0,757.1,788.6532158590309
OAK-MIA,8-14,Thursday,414.0,762.7,789.9009178743961
OAK-MIA,15-30,Sunday,824.0,772.9000000000001,803.595145631068
OAK-MIA,31-60,Tuesday,661.0,778.61,748.0876853252648
OAK-MIA,61+,,,,
OAK-ORD,0-3,Sunday,317.0,534.7,538.4281388012619
OAK-ORD,4-7,Thursday,413.0,528.6,539.8665617433414
OAK-ORD,8-14,Friday,793.0,535.6,530.3498108448929
OAK-ORD,15-30,Saturday,1596.0,576.45,545.8444235588972
OAK-ORD,31-60,Saturday,2436.0,530.955,497.2204515599343
OAK-ORD,61+,,,,
OAK-PHL,0-3,Sunday,278.0,644.885,630.1189208633093
OAK-PHL,4-7,Thursday,364.0,717.1,670.2753296703297
OAK-PHL,8-14,Thursday,644.0,714.2,697.3871273291926
OAK-PHL,15-30,Monday,661.0,699.58,670.7845688350984
OAK-PHL,31-60,Tuesday,827.0,667.2,639.2176541717049
OAK-PHL,61+,,,,
OAK-SFO,0-3,Tuesday,356.0,407.2,422.21008426966296
OAK-SFO,4-7,Thursday,440.0,401.6,405.57863636363635
OAK-SFO,8-14,Saturday,748.0,401.4,403.10286096256687
OAK-SFO,15-30,Monday,853.0,401.6,404.4430480656506
OAK-SFO,31-60,Friday,2677.0,411.6,413.901789316399
OAK-SFO,61+,,,,
ORD-ATL,0-3,Monday,763.0,211.58,256.23749672346
ORD-ATL,4-7,Friday,848.0,238.6,276.7846816037736
ORD-ATL,8-14,Monday,1111.0,247.6,290.8530603060306
ORD-ATL,15-30,Monday,1193.0,252.61,263.7886253143336
ORD-ATL,31-60,Tuesday,1534.0,261.61,275.2227444589309
ORD-ATL,61+,,,,
ORD-BOS,0-3,Sunday,683.0,164.6,209.167803806735
ORD-BOS,4-7,Friday,903.0,217.61,250.1831561461794
ORD-BOS,8-14,Monday,1418.0,244.6,274.0904019746121
ORD-BOS,15-30,Tuesday,1233.0,237.6,255.46589618815898
ORD-BOS,31-60,Saturday,3627.0,213.6,241.37314309346567
ORD-BOS,61+,,,,
ORD-CLT,0-3,Monday,783.0,200.6,226.32542784163473
ORD-CLT,4-7,Thursday,810.0,192.6,235.3902839506173
ORD-CLT,8-14,Saturday,1090.0,181.6,233.65022935779817
ORD-CLT,15-30,Tuesday,955.0,193.58,243.21606282722513
ORD-CLT,31-60,Sunday,3001.0,234.6,254.91401866044652
ORD-CLT,61+,,,,
ORD-DEN,0-3,Sunday,352.0,244.6,310.39559659090907
ORD-DEN,4-7,Friday,428.0,298.6,345.5867289719626
ORD-DEN,8-14,Friday,766.0,348.6,375.70325065274153
ORD-DEN,15-30,Monday,924.0,348.6,372.847132034632
ORD-DEN,31-60,Tuesday,1276.0,348.6,411.6878840125392
ORD-DEN,61+,,,,
ORD-DFW,0-3,Monday,834.0,253.6,302.1416067146283
ORD-DFW,4-7,Saturday,867.0,259.6,317.50988465974626
ORD-DFW,8-14,Monday,1283.0,259.6,312.87424006235386
ORD-DFW,15-30,Monday,1475.0,259.6,296.59907796610173
ORD-DFW,31-60,Friday,4064.0,278.6,303.75502952755903
ORD-DFW,61+,,,,
ORD-DTW,0-3,Monday,272.0,202.6,271.1195955882353
ORD-DTW,4-7,Saturday,300.0,181.6,242.02933333333334
ORD-DTW,8-14,Friday,469.0,181.6,213.27223880597015
ORD-DTW,15-30,Friday,1018.0,202.6,226.0912082514735
ORD-DTW,31-60,Monday,1323.0,209.61,220.98140589569164
ORD-DTW,61+,,,,
ORD-EWR,0-3,Monday,687.0,182.6,229.18310043668123
ORD-EWR,4-7,Friday,783.0,186.6,227.49295019157088
ORD-EWR,8-14,Friday,1218.0,228.6,254.66402298850576
ORD-EWR,15-30,Monday,1477.0,228.6,250.98171293161815
ORD-EWR,31-60,Sunday,3105.0,245.58,263.88299194847025
ORD-EWR,61+,,,,
ORD-IAD,0-3,Sunday,265.0,200.6,278.4232075471698
ORD-IAD,4-7,Thursday,340.0,253.6,294.5665
ORD-IAD,8-14,Friday,589.0,288.6,322.6841935483871
ORD-IAD,15-30,Monday,1097.0,295.61,321.96955332725616
ORD-IAD,31-60,Saturday,2817.0,300.6,328.570202342918
ORD-IAD,61+,,,,
ORD-JFK,0-3,Sunday,653.0,458.2,369.98154670750387
ORD-JFK,4-7,Thursday,882.0,477.21,408.4691383219955
ORD-JFK,8-14,Tuesday,1527.0,487.2,441.59193189259986
ORD-JFK,15-30,Monday,2014.0,487.19,437.4411221449851
ORD-JFK,31-60,Tuesday,2326.0,481.6,435.36815563198627
ORD-JFK,61+,,,,
ORD-LAX,0-3,Monday,1197.0,351.6,366.5988053467001
ORD-LAX,4-7,Thursday,1114.0,342.6,370.7371364452424
ORD-LAX,8-14,Friday,1673.0,342.6,381.1897250448297
ORD-LAX,15-30,Monday,1993.0,351.6,387.13125439036634
ORD-LAX,31-60,Monday,4449.0,368.2,402.9840278714318
ORD-LAX,61+,,,,
ORD-LGA,0-3,Monday,1084.0,178.6,188.19372693726936
ORD-LGA,4-7,Friday,1229.0,178.6,191.46894222945485
ORD-LGA,8-14,Saturday,1698.0,157.6,192.63773262661954
ORD-LGA,15-30,Monday,2066.0,172.6,177.79770571151985
ORD-LGA,31-60,Saturday,4989.0,172.6,188.7211465223492
ORD-LGA,61+,,,,
ORD-MIA,0-3,Monday,767.0,217.61,273.6359843546284
ORD-MIA,4-7,Friday,908.0,217.61,276.50802863436127
ORD-MIA,8-14,Monday,1052.0,228.6,259.2106368821293
ORD-MIA,15-30,Monday,1447.0,228.6,249.02984796129925
ORD-MIA,31-60,Thursday,4550.0,242.58,270.7727296703297
ORD-MIA,61+,,,,
ORD-OAK,0-3,Monday,287.0,534.2,525.1017421602788
ORD-OAK,4-7,Friday,359.0,535.6,502.84061281337046
ORD-OAK,8-14,Friday,604.0,535.6,498.3697682119206
ORD-OAK,15-30,Tuesday,550.0,541.2,508.67541818181826
ORD-OAK,31-60,Saturday,1952.0,541.2,495.64409836065573
ORD-OAK,61+,,,,
ORD-PHL,0-3,Monday,479.0,215.6,267.6601461377871
ORD-PHL,4-7,Wednesday,455.0,210.1,272.00745054945054
ORD-PHL,8-14,Friday,772.0,221.6,280.87892487046634
ORD-PHL,15-30,Monday,904.0,248.6,284.8924115044248
ORD-PHL,31-60,Saturday,2278.0,251.10500000000002,298.92126865671645
ORD-PHL,61+,,,,
ORD-SFO,0-3,Monday,787.0,351.6,376.67353240152477
ORD-SFO,4-7,Friday,777.0,351.6,398.6116473616474
ORD-SFO,8-14,Monday,1049.0,436.6,481.7632697807436
ORD-SFO,15-30,Tuesday,959.0,457.6,483.9582794577685
ORD-SFO,31-60,Monday,2383.0,430.6,472.31292908099033
ORD-SFO,61+,,,,
PHL-ATL,0-3,Monday,501.0,202.6,241.62624750499003
PHL-ATL,4-7,Friday,630.0,200.6,240.39007936507937
PHL-ATL,8-14,Saturday,955.0,241.58,250.66561256544503
PHL-ATL,15-30,Monday,1184.0,219.59,249.04440033783786
PHL-ATL,31-60,Tuesday,1569.0,241.58,274.517788400255
PHL-ATL,61+,,,,
PHL-BOS,0-3,Monday,347.0,178.6,213.891613832853
PHL-BOS,4-7,Thursday,461.0,186.1,221.47323210412148
PHL-BOS,8-14,Saturday,749.0,193.6,233.1966889185581
PHL-BOS,15-30,Tuesday,591.0,138.6,212.08749576988157
PHL-BOS,31-60,Friday,2245.0,148.6,216.5051670378619
PHL-BOS,61+,,,,
PHL-CLT,0-3,Monday,778.0,190.6,250.7070822622108
PHL-CLT,4-7,Friday,889.0,238.6,260.93212598425197
PHL-CLT,8-14,Friday,1109.0,238.6,257.7945897204689
PHL-CLT,15-30,Monday,1307.0,238.6,252.02522570772766
PHL-CLT,31-60,Tuesday,1638.0,258.6,283.5571916971917
PHL-CLT,61+,,,,
PHL-DEN,0-3,Monday,533.0,351.6,377.53833020637904
PHL-DEN,4-7,Friday,578.0,362.105,409.261384083045
PHL-DEN,8-14,Thursday,888.0,436.6,463.4185698198198
PHL-DEN,15-30,Monday,1183.0,476.61,480.9524260355029
PHL-DEN,31-60,Monday,2992.0,448.6,459.47145721925136
PHL-DEN,61+,,,,
PHL-DFW,0-3,Monday,891.0,294.6,323.77277216610554
PHL-DFW,4-7,Friday,956.0,294.6,326.45869246861923
PHL-DFW,8-14,Tuesday,1244.0,293.1,344.7815996784566
PHL-DFW,15-30,Tuesday,1082.0,337.6,357.0188632162662
PHL-DFW,31-60,Monday,3836.0,348.61,368.5669056308655
PHL-DFW,61+,,,,
PHL-DTW,0-3,Tuesday,459.0,484.6,409.06050108932465
PHL-DTW,4-7,Friday,586.0,368.6,362.40453924914675
PHL-DTW,8-14,Wednesday,857.0,338.61,321.5571411901984
PHL-DTW,15-30,Monday,913.0,248.6,275.2661664841183
PHL-DTW,31-60,Tuesday,995.0,244.01,268.269648241206
PHL-DTW,61+,,,,
PHL-EWR,0-3,Sunday,522.0,444.645,440.416091954023
PHL-EWR,4-7,Thursday,717.0,436.1,429.8373221757322
PHL-EWR,8-14,Sunday,1066.0,422.105,430.8020919324578
PHL-EWR,15-30,Monday,1290.0,356.7,391.0943410852713
PHL-EWR,31-60,Thursday,3818.0,391.09,405.30939497118914
PHL-EWR,61+,,,,
PHL-IAD,0-3,Monday,443.0,472.7,480.5957336343115
PHL-IAD,4-7,Tuesday,338.0,432.2,460.1692899408284
PHL-IAD,8-14,Thursday,743.0,433.09,446.86886944818303
PHL-IAD,15-30,Thursday,1397.0,362.6,391.4677738010021
PHL-IAD,31-60,Sunday,1521.0,328.6,361.60328073635765
PHL-IAD,61+,,,,
PHL-JFK,0-3,Monday,339.0,321.6,368.29194690265484
PHL-JFK,4-7,Thursday,348.0,286.6,328.7056034482759
PHL-JFK,8-14,Sunday,505.0,276.6,324.3229108910891
PHL-JFK,15-30,Monday,624.0,241.61,274.49256410256413
PHL-JFK,31-60,Friday,1613.0,241.2,265.6245815251085
PHL-JFK,61+,,,,
PHL-LAX,0-3,Monday,1011.0,351.6,385.5594460929773
PHL-LAX,4-7,Friday,987.0,351.6,394.4963627152989
PHL-LAX,8-14,Friday,1459.0,429.6,454.01901987662785
PHL-LAX,15-30,Monday,1969.0,478.61,491.1672067039106
PHL-LAX,31-60,Tuesday,2563.0,488.6,519.2513889972688
PHL-LAX,61+,,,,
PHL-LGA,0-3,Monday,1028.0,406.1,396.0941342412452
PHL-LGA,4-7,Thursday,1250.0,400.2,386.968176
PHL-LGA,8-14,Thursday,1796.0,385.4,392.98310690423165
PHL-LGA,15-30,Monday,1809.0,315.6,321.9009286898839
PHL-LGA,31-60,Sunday,3529.0,287.7,304.2204732218759
PHL-LGA,61+,,,,
PHL-MIA,0-3,Monday,558.0,212.6,264.51206093189967
PHL-MIA,4-7,Tuesday,552.0,211.6,261.7336413043478
PHL-MIA,8-14,Monday,1106.0,212.1,258.0153435804702
PHL-MIA,15-30,Monday,1328.0,211.6,251.04443524096385
PHL-MIA,31-60,Friday,4278.0,235.6,278.5743945769051
PHL-MIA,61+,,,,
PHL-OAK,0-3,Monday,293.0,602.7,605.029180887372
PHL-OAK,4-7,Friday,326.0,618.155,649.4773926380368
PHL-OAK,8-14,Monday,488.0,737.3900000000001,708.1402049180327
PHL-OAK,15-30,Monday,633.0,755.3,741.8431595576619
PHL-OAK,31-60,Tuesday,758.0,745.155,702.6271240105541
PHL-OAK,61+,,,,
PHL-ORD,0-3,Saturday,353.0,211.6,265.84943342776205
PHL-ORD,4-7,Wednesday,455.0,202.6,260.38632967032964
PHL-ORD,8-14,Friday,774.0,215.6,276.73556847545217
PHL-ORD,15-30,Monday,888.0,222.6,268.3486936936937
PHL-ORD,31-60,Friday,2544.0,248.6,286.5192610062893
PHL-ORD,61+,,,,
PHL-SFO,0-3,Monday,515.0,370.6,447.397145631068
PHL-SFO,4-7,Friday,650.0,508.6,510.5494461538462
PHL-SFO,8-14,Saturday,1229.0,597.2,602.3887713588283
PHL-SFO,15-30,Tuesday,1023.0,617.1,618.6106060606061
PHL-SFO,31-60,Tuesday,1712.0,554.105,601.6091822429906
PHL-SFO,61+,,,,
SFO-ATL,0-3,Sunday,581.0,596.6,587.0027882960413
SFO-ATL,4-7,Thursday,806.0,594.2,604.3335111662531
SFO-ATL,8-14,Sunday,1206.0,588.2,608.8362106135986
SFO-ATL,15-30,Monday,1376.0,578.9000000000001,594.5173110465116
SFO-ATL,31-60,Tuesday,1912.0,563.6,574.1907165271967
SFO-ATL,61+,,,,
SFO-BOS,0-3,Sunday,577.0,486.09,528.1400000000001
SFO-BOS,4-7,Wednesday,871.0,565.4,598.7352698048221
SFO-BOS,8-14,Friday,1732.0,627.6,645.4112817551963
SFO-BOS,15-30,Monday,2333.0,645.09,659.0677582511788
SFO-BOS,31-60,Tuesday,2416.0,532.2,562.2037375827814
SFO-BOS,61+,,,,
SFO-CLT,0-3,Sunday,503.0,589.1,608.3509741550697
SFO-CLT,4-7,Wednesday,736.0,639.7,652.0590625000001
SFO-CLT,8-14,Friday,1223.0,658.6,659.065658217498
SFO-CLT,15-30,Monday,1874.0,653.1500000000001,660.4714354322305
SFO-CLT,31-60,Monday,3940.0,618.6,625.3152766497461
SFO-CLT,61+,,,,
SFO-DEN,0-3,Sunday,500.0,318.6,382.17314
SFO-DEN,4-7,Tuesday,591.0,347.59,384.111421319797
SFO-DEN,8-14,Saturday,1248.0,347.205,388.0532852564103
SFO-DEN,15-30,Monday,1505.0,358.6,386.8362591362127
SFO-DEN,31-60,Tuesday,1717.0,354.6,379.27852067559695
SFO-DEN,61+,,,,
SFO-DFW,0-3,Monday,418.0,367.6,408.87921052631583
SFO-DFW,4-7,Saturday,507.0,417.6,448.404674556213
SFO-DFW,8-14,Friday,827.0,438.6,464.1324062877872
SFO-DFW,15-30,Monday,1067.0,397.6,428.76426429240865
SFO-DFW,31-60,Friday,2566.0,383.61,411.8016328916602
SFO-DFW,61+,,,,
SFO-DTW,0-3,Friday,468.0,607.61,690.5502136752136
SFO-DTW,4-7,Wednesday,714.0,618.59,681.2104201680672
SFO-DTW,8-14,Wednesday,1159.0,637.6,705.6176100086282
SFO-DTW,15-30,Monday,1451.0,647.61,704.1572570640938
SFO-DTW,31-60,Tuesday,2052.0,601.61,664.008806042885
SFO-DTW,61+,,,,
SFO-EWR,0-3,Sunday,679.0,506.1,547.9981001472754
SFO-EWR,4-7,Friday,838.0,546.9000000000001,580.4709427207638
SFO-EWR,8-14,Saturday,1313.0,539.6,577.7567631378522
SFO-EWR,15-30,Monday,1651.0,559.6,588.8929921259843
SFO-EWR,31-60,Tuesday,1876.0,508.6,540.9120149253731
SFO-EWR,61+,,,,
SFO-IAD,0-3,Sunday,532.0,555.355,572.8173496240602
SFO-IAD,4-7,Thursday,676.0,568.6,602.4597781065089
SFO-IAD,8-14,Saturday,969.0,568.6,615.7666253869969
SFO-IAD,15-30,Tuesday,783.0,647.2,647.2908045977011
SFO-IAD,31-60,Tuesday,1532.0,568.955,596.4405809399478
SFO-IAD,61+,,,,
SFO-JFK,0-3,Sunday,507.0,521.1,658.0614003944773
SFO-JFK,4-7,Saturday,644.0,537.22,692.950900621118
SFO-JFK,8-14,Wednesday,1204.0,563.59,743.0892192691031
SFO-JFK,15-30,Monday,1401.0,525.6,615.0006281227694
SFO-JFK,31-60,Tuesday,1754.0,459.35,507.07388255416197
SFO-JFK,61+,,,,
SFO-LAX,0-3,Sunday,477.0,158.6,191.62259958071277
SFO-LAX,4-7,Thursday,711.0,164.6,201.5479606188467
SFO-LAX,8-14,Wednesday,1230.0,181.6,225.49547967479674
SFO-LAX,15-30,Monday,1442.0,188.6,220.26896671289873
SFO-LAX,31-60,Friday,4053.0,207.6,221.54302738712065
SFO-LAX,61+,,,,
SFO-LGA,0-3,Sunday,680.0,537.59,560.0316029411764
SFO-LGA,4-7,Friday,957.0,611.6,631.745642633229
SFO-LGA,8-14,Thursday,1756.0,642.6,670.3630466970387
SFO-LGA,15-30,Monday,2297.0,656.19,681.1391292990858
SFO-LGA,31-60,Tuesday,2684.0,595.61,624.9629359165425
SFO-LGA,61+,,,,
SFO-MIA,0-3,Saturday,484.0,609.455,617.0281611570248
SFO-MIA,4-7,Tuesday,762.0,630.6,635.7614829396325
SFO-MIA,8-14,Friday,1389.0,630.6,644.1465010799136
SFO-MIA,15-30,Monday,1728.0,622.695,624.0336805555555
SFO-MIA,31-60,Tuesday,2043.0,591.6,613.3587665198238
SFO-MIA,61+,,,,
SFO-OAK,0-3,Monday,345.0,383.2,384.2204927536232
SFO-OAK,4-7,Thursday,438.0,377.21,383.6037214611872
SFO-OAK,8-14,Wednesday,722.0,387.21,395.31144044321326
SFO-OAK,15-30,Monday,808.0,393.98,399.71257425742573
SFO-OAK,31-60,Friday,2528.0,417.21,418.85651898734176
SFO-OAK,61+,,,,
SFO-ORD,0-3,Sunday,486.0,509.6,557.359670781893
SFO-ORD,4-7,Tuesday,610.0,531.2,595.125655737705
SFO-ORD,8-14,Sunday,1258.0,572.4000000000001,606.1590937996821
SFO-ORD,15-30,Monday,1573.0,577.7,599.544431023522
SFO-ORD,31-60,Tuesday,1649.0,518.6,554.7889205579139
SFO-ORD,61+,,,,
SFO-PHL,0-3,Sunday,456.0,548.6,593.4171271929825
SFO-PHL,4-7,Wednesday,719.0,617.1,636.492100139082
SFO-PHL,8-14,Friday,1291.0,662.59,665.9672579395817
SFO-PHL,15-30,Monday,1414.0,668.6,666.806117397454
SFO-PHL,31-60,Tuesday,1585.0,596.21,619.192309148265
SFO-PHL,61+,,,,
